item_id,name,parse_status,resource_rewards,item_rewards,resource_count,item_reward_count,sections,remaining_hex_prefix,tail_len,desc
7,精铁宝箱,unsupported_resource_type_4,,,0,0,[],04020a020200010044ffff021b00130101f4001e01022600160207d000010107d000170103e800180101f4001401003200400101f400420101f400370107d0007301017c0072010014007c010000007f,174,开启精铁宝箱将有机会获得令牌、印绶、招贤令、战鼓、八阵图、鲁公古籍等宝物;开启此宝箱需要一把精铁钥匙.#probability#开启的道具概率如下：\n功能性道具 11.00%\n加速类道具 35.00%\n增益性道具 34.00%\n资产类道具 20.00%
10,传音符小礼包,parsed_full,,传音符(9)*10,0,1,"[{""section_type"": 1, ""count"": 1}]",00,30,礼包中含有10个传音符.
11,传音符大礼包,parsed_full,,传音符(9)*100,0,1,"[{""section_type"": 1, ""count"": 1}]",00,30,礼包中含有100个传音符.
36,新手礼包,parsed_full,白银*50,新手礼包2(37)*1 / 徭役令(0)*1 / 传音符(9)*5 / 鲁公手册(22)*1 / 招募令(27)*1 / 兵书(16)*1,1,6,"[{""section_type"": 1, ""count"": 6}]",00,55,"游戏礼包里有很多好东西,赶紧打开吧!"
37,新手礼包2,parsed_with_nonzero_trailing,白银*100,新手礼包3(38)*1 / 徭役令(0)*1 / 传音符(9)*5 / 旌旗(5)*1 / 鲁公手册(22)*2 / 招募令(27)*2 / 青铜钥匙(59)*1 / 火药桶(30)*1 / 兵书(16)*1 / 财神符(105)*1,1,10,"[{""section_type"": 1, ""count"": 10}]",0100010001020000000a,80,"礼包里有资源、宝物、礼包3,需要君主等级达到10级后才能打开."
38,新手礼包3,parsed_with_nonzero_trailing,白银*150,新手礼包4(40)*1 / 传音符(9)*5 / 旌旗(5)*1 / 鲁公图册(23)*1 / 高级招募令(28)*1 / 青铜钥匙(59)*1 / 活血丹(12)*1 / 火药桶(30)*1 / 兵书(16)*1 / 神农符(103)*1,1,10,"[{""section_type"": 1, ""count"": 10}]",01000100010200000014,80,"礼包里有资源、宝物、礼包4,需要君主等级达到20级后才能打开."
39,30级兵武箱,unsupported_resource_type_5,,,0,0,[],05010b010200010010000303090000057801b804000024b801f40064000104e201b304000024b801f40064000204b001ae04000024b801f400640003047e01a90400000000000000000004044c01a404,171,开启获得兵书3本，并附赠一把30级以内武器，品质在良好以上。
40,新手礼包4,parsed_with_nonzero_trailing,白银*200,新手礼包5(41)*1 / 传音符(9)*5 / 旌旗(5)*1 / 鲁公图册(23)*2 / 高级招募令(28)*2 / 初级行军符(76)*1 / 青铜钥匙(59)*1 / 小还丹(13)*1 / 招贤令(20)*1 / 兵书(16)*1 / 迁封令(6)*1,1,11,"[{""section_type"": 1, ""count"": 11}]",0100010001020000001e,84,"礼包里有资源、宝物、礼包5,需要君主等级达到30级后才能打开."
41,新手礼包5,parsed_with_nonzero_trailing,白银*250,新手礼包6(42)*1 / 传音符(9)*5 / 鲁公古籍(24)*1 / 紧急招募令(29)*1 / 中级行军符(77)*1 / 青铜钥匙(59)*1 / 大还丹(14)*1 / 火药桶(30)*1 / 兵书(16)*1 / 八阵图(66)*1 / 福神符(107)*1 / 迁封令(6)*1,1,12,"[{""section_type"": 1, ""count"": 12}]",01000100010200000028,88,"礼包里有资源、宝物、礼包6,需要君主等级达到40级后才能打开."
42,新手礼包6,parsed_with_nonzero_trailing,白银*300,传音符(9)*5 / 鲁公古籍(24)*2 / 紧急招募令(29)*2 / 高级行军符(78)*1 / 青铜钥匙(59)*1 / 九转金丹(15)*1 / 火药桶(30)*1 / 高级兵书(17)*1 / 战鼓(64)*1 / 练兵符(109)*1 / 新手礼包7(43)*1,1,11,"[{""section_type"": 1, ""count"": 11}]",01000100010200000032,84,"礼包里有资源、宝物、礼包7,需要君主等级达到50级后才能打开."
43,新手礼包7,parsed_with_nonzero_trailing,,高级迁封令(8)*1,0,1,"[{""section_type"": 1, ""count"": 1}]",0100010001020000003c,39,"礼包里有一个高级迁封令,需要君主等级达到60级后才能打开."
44,新手礼包8,parsed_with_nonzero_trailing,粮食*300000 / 铜钱*150000,新手礼包9(45)*1 / 鲁公宝典(25)*2 / 紧急招募令(29)*1 / 迁封令(6)*1 / 八阵图(66)*1 / 特级行军符(79)*2,2,6,"[{""section_type"": 1, ""count"": 6}]",01000100010200000035,69,"礼包里有资源、宝物、礼包9,需要君主等级达到53级后才能打开."
45,新手礼包9,parsed_with_nonzero_trailing,粮食*500000 / 铜钱*200000,新手礼包10(46)*1 / 鲁公宝典(25)*2 / 小还丹(13)*2 / 火药桶(30)*1 / 资源辎重(55)*2 / 行军令(80)*2,2,6,"[{""section_type"": 1, ""count"": 6}]",0100010001020000003a,69,"礼包里有资源、宝物、礼包10,需要君主等级达到58级后才能打开."
46,新手礼包10,parsed_with_nonzero_trailing,粮食*600000 / 铜钱*300000,鲁公秘录(26)*2 / 大还丹(14)*2 / 中级资源辎重(57)*2 / 高级战鼓(65)*1 / 高级八阵图(67)*1,2,5,"[{""section_type"": 1, ""count"": 5}]",0100010001020000003f,65,"礼包里有资源、宝物,需要君主等级达到63级后才能打开."
47,60级兵武箱,unsupported_resource_type_5,,,0,0,[],05010b0102000100100005030f00000064021c04000024b801f4006400010064021204000024b801f4006400020064020804000024b801f400640003006401fe0400000000000000000004012c01f404,261,开启获得兵书5本，并附赠一把60级以内武器，品质在良好以上。
48,80级兵武箱,unsupported_resource_type_5,,,0,0,[],05010b010200010010000803120000000a02e404000024b801f400640001000a02d004000024b801f400640002000a02bc04000024b801f400640003000a02a80400000000000000000004001e029404,306,开启获得兵书8本，并附赠一把80级以内武器，品质在良好以上。
49,30级兵盔箱,unsupported_resource_type_5,,,0,0,[],05010b01020001001000030302001e1b5801a4040000000000000000001f0bb801900400000000000000000000,66,开启获得兵书3本，并附赠一顶30级以内头盔，品质在良好以上。
50,70级兵盔箱,unsupported_resource_type_5,,,0,0,[],05010b01020001001000070306001e0064028a040000000000000000001f01900258040000000000000000002009c4022604000000000000000000210dac01f4040000000000000000002209c401c204,126,开启获得兵书7本，并附赠一顶70级以内头盔，品质在良好以上。
51,50级兵甲箱,unsupported_resource_type_5,,,0,0,[],05010b01020001001000050304002801f401f904000000000000000000290dac01d6040000000000000000002a0fa001b3040000000000000000002b07d001900400000000000000000000,96,开启获得兵书5本，并附赠一件50级以内铠甲，品质在良好以上。
52,35级兵骑箱,unsupported_resource_type_5,,,0,0,[],05010b0102000100100003030200321b5801ae04000000000000000000330bb801900400000000000000000000,66,开启获得兵书3本，并附赠一匹35级以内坐骑器，品质在良好以上。
53,实木宝箱,unsupported_resource_type_4,,,0,0,[],04010a010102040016010fa00009020fa000520103e8005b0103e80000,50,开启后可以随机获得一些宝物、资源包.#probability#开启的道具概率如下：\n功能性道具 40.00%\n加速类道具 40.00%\n资产类道具 20.00%
54,高级粮食辎重,parsed_full,粮食*1000000,,1,0,[],0000,29,"存放粮食的辎重,开启后可获取1000000粮食."
55,资源辎重,parsed_full,粮食*20000 / 铜钱*5000,,2,0,[],0000,34,"存放钱粮的辎重,开启后可获取5000铜钱、20000粮食."
56,中级粮食辎重,parsed_full,粮食*100000,,1,0,[],0000,29,"存放粮食的辎重,开启后可获取100000粮食."
57,中级资源辎重,parsed_full,粮食*200000 / 铜钱*50000,,2,0,[],0000,34,"存放钱粮的辎重,开启后可获取50000铜钱、200000粮食."
58,青铜宝箱,unsupported_resource_type_4,,,0,0,[],04010a02020001003bffff021900090305dc00130100c800010105dc0016010672001401001e0052010866005b0107d0003701023a007301017c0072010014007c010000007f01000000820100000085,164,开启青铜宝箱将有机会获得令牌、印绶、招贤令等宝物;开启此宝箱需要一把青铜钥匙.#probability#开启的道具概率如下：\n功能性道具 17.30%\n加速类道具 16.50%\n增益性道具 19.00%\n资产类道具 47.20%
59,青铜钥匙,parsed_full,,,0,0,[],0000,24,可以开启青铜宝箱的钥匙.
60,白银宝箱,unsupported_resource_type_4,,,0,0,[],04020a04020001003dffff020b00010205dc00200105dc00110103e800420203e800150103e800370103e800170103e8001c0103e8003f0101f4003801012c00510100c80102003d00,94,开启后可以随机获得一些宝物、装备;开启此宝箱需要一把白银钥匙.#probability#开启的道具概率如下：\n宝箱类道具 5.00%\n功能性道具 10.00%\n加速类道具 30.00%\n增益性道具 40.00%\n资产类道具 15.00%\n\n
61,白银钥匙,parsed_full,,,0,0,[],0000,24,可以开启白银宝箱的钥匙.
62,黄金宝箱,unsupported_resource_type_4,,,0,0,[],04020a05020001003fffff020a00020107d000200107d000120103e8000e0103e800390101f400180203e8001d0103e800480103e8003801032000510102bc0102003f00,89,开启后可以随机获得一些宝物、装备;开启此宝箱需要一把黄金钥匙.#probability#开启的道具概率如下：\n宝箱类道具 9.09%\n功能性道具 9.09%\n加速类道具 27.27%\n增益性道具 36.36%\n资产类道具 18.18%
63,黄金钥匙,parsed_full,,,0,0,[],0000,24,可以开启黄金宝箱的钥匙.
68,精铁钥匙,parsed_full,,,0,0,[],0000,24,可以开启精铁宝箱的钥匙.
69,白金宝箱,unsupported_resource_type_4,,,0,0,[],04030a040200010048ffff020900390107d000490103e800080203e8000f0503e800180503e800020103e8000a0103e800110a03e800210103e80102004800,84,开启后可以随机获得一些宝物、装备、宝箱;开启此宝箱需要一把白金钥匙.#probability#开启的道具概率如下：\n宝箱类道具 10.00%\n功能性道具 30.00%\n加速类道具 20.00%\n增益性道具 20.00%\n资产类道具 20.00%\n\n 
70,如意宝箱,unsupported_resource_type_4,,,0,0,[],04030a050200010049ffff020900390107d0004a0103e800080303e8000f0a03e800190303e800020103e8001c0103e800410103e800430103e80102004900,84,开启后可以随机获得一些宝物、装备、宝箱;开启此宝箱需要一把如意钥匙.#probability#开启的道具概率如下：\n宝箱类道具 10.00%\n功能性道具 20.00%\n加速类道具 20.00%\n增益性道具 30.00%\n资产类道具 20.00%
71,天赐宝箱,unsupported_resource_type_4,,,0,0,[],04040a05020001004affff020b00390303e800300503e800330503e800340303e8000b0103e8000f0f03e8001a0303e800020101f4001d0103e800210503e8004a0301f40102004a00,94,开启后可以随机获得一些宝物、装备、宝箱;开启此宝箱需要一把天赐钥匙.#probability#开启的道具概率如下：\n宝箱类道具 5.00%\n功能性道具 20.00%\n加速类道具 20.00%\n增益性道具 15.00%\n资产类道具 10.00%\n装备 30.00%
72,白金钥匙,parsed_full,,,0,0,[],0000,24,可以开启白金宝箱的钥匙.
73,如意钥匙,parsed_full,,,0,0,[],0000,24,可以开启如意宝箱的钥匙.
74,天赐钥匙,parsed_full,,,0,0,[],0000,24,可以开启天赐宝箱的钥匙.
75,奖励宝箱,unreasonable_item_count,粮食*10000 / 铜钱*10000 / 白银*2000 / 黄金*1000,,4,0,"[{""section_type"": 1, ""count"": 3585}]",0e01000ce697a0e6958ce58b87e88085050100030400040005000600070400000001000200040000,82,开启后可以随机获得一些宝物、装备、宝箱.
81,中级铜钱辎重,parsed_full,铜钱*30000,,1,0,[],0000,29,"存放铜钱的辎重,开启后可获取30000铜钱."
82,粮食辎重,parsed_full,粮食*10000,,1,0,[],0000,29,"存放粮食的辎重,开启后可获取10000粮食."
83,高级铜钱辎重,parsed_full,铜钱*300000,,1,0,[],0000,29,"存放铜钱的辎重,开启后可获取300000铜钱."
84,高级资源辎重,parsed_full,粮食*2000000 / 铜钱*500000,,2,0,[],0000,34,"存放钱粮的辎重,开启后可获取500000铜钱、2000000粮食."
85,钻石礼包,unsupported_resource_type_12,黄金*999,,1,0,[],0c010d010200110000000a0002000100210001001a0003001d00030014000a0012000500080003004100010043000100660003006a000300680003006c0003006e000300c9000100cd00010f03000001,163,"开启后可获得:成长值82的将领1个,徭役令10个,高级屯田令1个,高级通商令1个,鲁公秘录3个,紧急招募令3个,招贤令10,兵法心得5个,高级迁封令3个，高级战鼓1个,高级八阵图1个,悬赏令3个,大财神符3个,大神农符3个,大福神符3个,大练兵符3个,冰玉大材料包1个，仙芝大材料包1个，黄金999个."
86,金礼包,unsupported_resource_type_12,黄金*399,,1,0,[],0c010d0102000b00140008000800010040000100420001006600010069000300670003006d0003006b000300c8000100cc00010f03000001010006040010001100120013020002000413880000010100,139,"开启后可获得:成长值75的将领1个,招贤令8个,高级迁封令1个，战鼓1个,八阵图1个,悬赏令1个,财神符3个,神农符3个,练兵符3个,福神符3个,玄铁大材料包1个，玉露大材料包1个，黄金399个."
87,银礼包,parsed_full,黄金*99,徭役令(0)*5 / 屯田令(1)*3 / 通商令(32)*3 / 招贤令(20)*5 / 迁封令(6)*1 / 练兵符(109)*1 / 福神符(107)*1 / 水晶大材料包(199)*1 / 灵草大材料包(203)*1,1,9,"[{""section_type"": 1, ""count"": 9}]",00,67,"开启后可获得:徭役令5个,屯田令3个,通商令3个,招贤令5个,迁封令1个,练兵符1个,福神符1个，水晶大材料包，灵草大材料包，黄金99个."
88,内测礼包,parsed_full,粮食*1000000 / 铜钱*1000000,,2,0,[],0000,34,开启后可获得金、银礼包、钱粮和很多宝物.
91,铜钱辎重,parsed_full,铜钱*3000,,1,0,[],0000,29,"存放铜钱的辎重,开启后可获取3000铜钱."
94,公测礼包,parsed_full,白银*300,徭役令(0)*1 / 练兵符(109)*1 / 福神符(107)*1 / 屯田令(1)*1 / 通商令(32)*1 / 鲁公手册(22)*2 / 招募令(27)*1 / 兵书(16)*1 / 初级行军符(76)*1 / 传音符小礼包(10)*1 / 镔铁材料包(178)*5 / 浆果材料包(182)*5,1,12,"[{""section_type"": 1, ""count"": 12}]",00,79,"公测礼包,开启后可获得白银和很多宝物."
95,50两银票,parsed_full,白银*50,,1,0,[],0000,29,开启后可获取50两白银.
96,100两银票,parsed_full,白银*100,,1,0,[],0000,29,开启后可获取100两白银.
97,300两银票,parsed_full,白银*300,,1,0,[],0000,29,开启后可获取300两白银.
98,1000两银票,parsed_full,白银*1000,,1,0,[],0000,29,开启后可获取1000两白银.
99,惊喜宝箱,unsupported_resource_type_4,,,0,0,[],04030a0301022f005f010000006001000000610100000062010000000001005000010100fa00200103200002010014002101008c001601038400170100c800180100500019010014001a01000f000901,265,"惊喜宝箱可能会开出很多意想不到的宝物哦,赶紧打开看看吧.#probability#开启的道具概率如下：\n宝箱类道具 2.00%\n材料 12.70%\n功能性道具 19.45%\n加速类道具 27.45%\n增益性道具 13.40%\n资产类道具 25.00%"""
100,无敌礼包,unsupported_section_2,粮食*99999999 / 铜钱*99999999 / 白银*9999999 / 黄金*999999,,4,0,[],02000a0064000100a9000100aa000100ab0001005000630055000900580009011b0001004a0063011e00630e020000630100090100140100040000630100090100140100040000,112,无敌
118,专属礼包,parsed_full,白银*2000,徭役令(0)*5 / 财神符(105)*5 / 神农符(103)*5 / 鲁公手册(22)*8 / 鲁公图册(23)*5 / 鲁公古籍(24)*3 / 鲁公宝典(25)*1 / 招募令(27)*5 / 高级招募令(28)*3 / 紧急招募令(29)*1 / 练兵符(109)*3 / 福神符(107)*3 / 小还丹(13)*5 / 大还丹(14)*3,1,14,"[{""section_type"": 1, ""count"": 14}]",00,87,"尊贵的专属礼包,内含大量白银、道具."
169,建国道具礼包,parsed_full,,建国道具礼包(169)*1 / 玉玺(112)*9 / 虎符(113)*27 / 印绶(114)*100 / 令牌(115)*1500,0,5,"[{""section_type"": 1, ""count"": 5}]",00,46,无敌
170,技能书礼包,parsed_full,,初级暴击技能书(124)*99 / 中级暴击技能书(125)*99 / 高级暴击技能书(126)*99 / 初级连击技能书(127)*99 / 中级连击技能书(128)*99 / 高级连击技能书(129)*99 / 初级格挡技能书(130)*99 / 中级格挡技能书(131)*99 / 高级格挡技能书(132)*99 / 初级斩将技能书(133)*99 / 中级斩将技能书(134)*99 / 高级斩将技能书(135)*99,0,12,"[{""section_type"": 1, ""count"": 12}]",00,74,无敌
171,材料礼包,parsed_full,,材料礼包(171)*1 / 镔铁(3)*99 / 水晶(34)*99 / 玄铁(35)*99 / 冰玉(119)*99 / 浆果(120)*99 / 灵草(121)*99 / 玉露(122)*99 / 仙芝(123)*99,0,9,"[{""section_type"": 1, ""count"": 9}]",00,62,无敌
173,30级兵甲箱,unsupported_resource_type_5,,,0,0,[],05010b0102000100100003030200281b5801a404000000000000000000290bb801900400000000000000000000,66,开启获得兵书3本，并附赠一件30级以内铠甲，品质在良好以上。
174,70级兵甲箱,unsupported_resource_type_5,,,0,0,[],05010b0102000100100007030600280064028a040000000000000000002901900258040000000000000000002a09c40226040000000000000000002b0dac01f4040000000000000000002c09c401c204,126,开启获得兵书7本，并附赠一件70级以内铠甲，品质在良好以上。
175,60级兵骑箱,unsupported_resource_type_5,,,0,0,[],05010b0102000100100006030300320bb801f40400000000000000000033138801c2040000000000000000003407d001900400000000000000000000,81,开启获得兵书6本，并附赠一匹60级以内坐骑，品质在良好以上。
176,50级兵盔箱,unsupported_resource_type_5,,,0,0,[],05010b01020001001000050304001e01f401f9040000000000000000001f0dac01d604000000000000000000200fa001b3040000000000000000002107d001900400000000000000000000,96,开启获得兵书5本，并附赠一顶50级以内头盔，品质在良好以上。
177,80级兵骑箱,unsupported_resource_type_5,,,0,0,[],05010b01020001001000080304003203e8028004000000000000000000330fa0023004000000000000000000340fa001e0040000000000000000003503e801900400000000000000000000,96,开启获得兵书8本，并附赠一匹80级以内坐骑，品质在良好以上。
178,镔铁材料包,parsed_full,,镔铁(3)*10,0,1,"[{""section_type"": 1, ""count"": 1}]",00,30,"内含10个镔铁,可用于普通装备的强化."
179,水晶材料包,parsed_full,,水晶(34)*10,0,1,"[{""section_type"": 1, ""count"": 1}]",00,30,"内含10个水晶,可用于品质良好装备的强化."
180,玄铁材料包,parsed_full,,玄铁(35)*10,0,1,"[{""section_type"": 1, ""count"": 1}]",00,30,"内含10个玄铁,可用于品质优秀装备的强化."
181,冰玉材料包,parsed_full,,冰玉(119)*10,0,1,"[{""section_type"": 1, ""count"": 1}]",00,30,"内含10个冰玉,可用于品质卓越装备的强化."
182,浆果材料包,parsed_full,,浆果(120)*10,0,1,"[{""section_type"": 1, ""count"": 1}]",00,30,"内含10个浆果,可用于普通坐骑的强化."
183,灵草材料包,parsed_full,,灵草(121)*10,0,1,"[{""section_type"": 1, ""count"": 1}]",00,30,"内含10个灵草,可用于品质良好坐骑的强化."
184,玉露材料包,parsed_full,,玉露(122)*10,0,1,"[{""section_type"": 1, ""count"": 1}]",00,30,"内含10个玉露,可用于品质优秀坐骑的强化."
185,仙芝材料包,parsed_full,,仙芝(123)*10,0,1,"[{""section_type"": 1, ""count"": 1}]",00,30,"内含10个仙芝,可用于品质卓越坐骑的强化."
186,30级高级兵武箱,unsupported_resource_type_5,,,0,0,[],05010b010200010010000303090000057806f404000024b801f40064000104e206ea04000024b801f40064000204b006e004000024b801f400640003047e06d60400000000000000000004044c06cc04,171,开启获得兵书3本，并附赠一把30级以内武器，品质在优秀以上。
187,60级高级兵武箱,unsupported_resource_type_5,,,0,0,[],05010b0102000100100006030f0000006407bc04000024b801f400640001006407a804000024b801f4006400020064079404000024b801f400640003006407800400000000000000000004012c076c04,261,开启获得兵书6本，并附赠一把60级以内武器，品质在优秀以上。
188,80级高级兵武箱,unsupported_resource_type_5,,,0,0,[],05010b010200010010000803120000000a08a204000024b801f400640001000a088404000024b801f400640002000a086604000024b801f400640003000a08480400000000000000000004001e082a04,306,开启获得兵书8本，并附赠一把80级以内武器，品质在优秀以上。
189,30级高级兵盔箱,unsupported_resource_type_5,,,0,0,[],05010b01020001001000030302001e1b5806b8040000000000000000001f0bb806a40400000000000000000000,66,开启获得兵书3本，并附赠一顶30级以内头盔，品质在优秀以上。
190,50级高级兵盔箱,unsupported_resource_type_5,,,0,0,[],05010b01020001001000050304001e01f4073a040000000000000000001f0dac070804000000000000000000200fa006d6040000000000000000002107d006a40400000000000000000000,96,开启获得兵书5本，并附赠一顶50级以内头盔，品质在优秀以上。
191,70级高级兵盔箱,unsupported_resource_type_5,,,0,0,[],05010b01020001001000070306001e00640834040000000000000000001f019007e4040000000000000000002009c4079404000000000000000000210dac0744040000000000000000002209c406f404,126,开启获得兵书7本，并附赠一顶70级以内头盔，品质在优秀以上。
192,30级高级兵甲箱,unsupported_resource_type_5,,,0,0,[],05010b0102000100100003030200281b5806b804000000000000000000290bb806a40400000000000000000000,66,开启获得兵书3本，并附赠一件30级以内铠甲，品质在优秀以上
193,50级高级兵甲箱,unsupported_resource_type_5,,,0,0,[],05010b01020001001000050304002801f4073a04000000000000000000290dac0708040000000000000000002a0fa006d6040000000000000000002b07d006a40400000000000000000000,96,开启获得兵书5本，并附赠一件50级以内铠甲，品质在优秀以上。
194,70级高级兵甲箱,unsupported_resource_type_5,,,0,0,[],05010b010200010010000703060028006408340400000000000000000029019007e4040000000000000000002a09c40794040000000000000000002b0dac0744040000000000000000002c09c406f404,126,开启获得兵书7本，并附赠一件70级以内铠甲，品质在优秀以上。
195,35级高级兵骑箱,unsupported_resource_type_5,,,0,0,[],05010b0102000100100003030200321b5806cc04000000000000000000330bb806a40400000000000000000000,66,开启获得兵书3本，并附赠一把35级以内坐骑，品质在优秀以上
196,60级高级兵骑箱,unsupported_resource_type_5,,,0,0,[],05010b0102000100100006030300320bb8071c0400000000000000000033138806e0040000000000000000003407d006a40400000000000000000000,81,开启获得兵书6本，并附赠一匹60级以内坐骑，品质在优秀以上。
197,80级高级兵骑箱,unsupported_resource_type_5,,,0,0,[],05010b01020001001000080304003203e807d004000000000000000000330fa0076c04000000000000000000340fa00708040000000000000000003503e806a40400000000000000000000,96,开启获得兵书8本，并附赠一匹80级以内坐骑，品质在优秀以上
198,镔铁大材料包,parsed_full,,镔铁(3)*99,0,1,"[{""section_type"": 1, ""count"": 1}]",00,30,"内含99个镔铁,可用于普通装备的强化."
199,水晶大材料包,parsed_full,,水晶(34)*99,0,1,"[{""section_type"": 1, ""count"": 1}]",00,30,"内含99个水晶,可用于品质良好装备的强化."
200,玄铁大材料包,parsed_full,,玄铁(35)*99,0,1,"[{""section_type"": 1, ""count"": 1}]",00,30,"内含99个玄铁,可用于品质优秀装备的强化."
201,冰玉大材料包,parsed_full,,冰玉(119)*99,0,1,"[{""section_type"": 1, ""count"": 1}]",00,30,"内含99个冰玉,可用于品质卓越装备的强化."
202,浆果大材料包,parsed_full,,浆果(120)*99,0,1,"[{""section_type"": 1, ""count"": 1}]",00,30,"内含99个浆果,可用于普通坐骑的强化."
203,灵草大材料包,parsed_full,,灵草(121)*99,0,1,"[{""section_type"": 1, ""count"": 1}]",00,30,"内含99个灵草,可用于品质良好坐骑的强化."
204,玉露大材料包,parsed_full,,玉露(122)*99,0,1,"[{""section_type"": 1, ""count"": 1}]",00,30,"内含99个玉露,可用于品质优秀坐骑的强化."
205,仙芝大材料包,parsed_full,,仙芝(123)*99,0,1,"[{""section_type"": 1, ""count"": 1}]",00,30,"内含99个仙芝,可用于品质卓越坐骑的强化."
206,公会礼包,parsed_full,,印绶(114)*2 / 令牌(115)*10 / 练兵符(109)*1 / 福神符(107)*1 / 招募令(27)*2 / 初级行军符(76)*2,0,6,"[{""section_type"": 1, ""count"": 6}]",00,50,"开启后可获得:印绶2个,令牌10个,练兵符1个,福神符1个,招募令2个,初级行军符2个"
207,神秘宝箱,unsupported_resource_type_4,,,0,0,[],04030a0301022f005f010000006001000000610100000062010000000001005000010100fa00200103200002010014002101008c001601038400170100c800180100500019010014001a01000f000901,265,开启后能得到一些宝物.#probability#开启的道具概率如下：\n宝箱类道具 2.00%\n材料 12.70%\n功能性道具 19.45%\n加速类道具 27.45%\n增益性道具 13.40%\n资产类道具 25.00%
209,幸运礼包,parsed_full,白银*600,徭役令(0)*3 / 惊喜宝箱(99)*3 / 30级高级兵武箱(186)*1 / 30级高级兵盔箱(189)*1 / 30级高级兵甲箱(192)*1 / 35级高级兵骑箱(195)*1,1,6,"[{""section_type"": 1, ""count"": 6}]",00,55,"开启后可获得:白银600个,徭役令3个,惊喜宝箱3个,30级高级兵武箱1个,30级高级兵盔箱1个,30级高级兵甲箱1个,35级高级兵骑箱1个"
210,龙腾礼包,parsed_full,,行军令(80)*3 / 初级行军符(76)*2 / 中级行军符(77)*1 / 高级行军符(78)*1,0,4,"[{""section_type"": 1, ""count"": 4}]",00,42,开启后可获得：行军令3个、初级行军符2个、中级行军符1个、高级行军符1个
211,虎跃礼包,parsed_full,,招募令(27)*10 / 高级招募令(28)*6 / 紧急招募令(29)*2,0,3,"[{""section_type"": 1, ""count"": 3}]",00,38,开启后可获得：招募令10个、高级招募令6个、紧急招募令2个
212,鸿运礼包,parsed_full,白银*200,徭役令(0)*1 / 练兵符(109)*1 / 福神符(107)*1 / 财神符(105)*1 / 神农符(103)*1 / 鲁公手册(22)*2 / 招募令(27)*1 / 兵书(16)*1 / 初级行军符(76)*1 / 传音符小礼包(10)*1 / 镔铁材料包(178)*5 / 浆果材料包(182)*5,1,12,"[{""section_type"": 1, ""count"": 12}]",00,79,"开启后可获得:白银200个,徭役令1个,练兵符1个,福神符1个,财神符1个,神农符1个,鲁公手册2个,招募令1个,兵书1个,初级行军符1个,传音符小礼包1个,镔铁材料包5个,浆果材料包5个."
213,统一礼包,unsupported_resource_type_12,白银*6666 / 黄金*999,,2,0,[],0c010d0102000e0002000500210005000800050041000500430005006a000500680005006e000500c9000500cd000500c5000500c2000500bf000500bc00050f03000001010005040004000500060007,156,"开启后可获得:成长82的将领1个，黄金999个，白银6666个，大练兵符5个，大财神符5个，大神农符5个，高级战鼓5个，高级八阵图5个，高级迁封令5个，行军令5个，高级屯田令5个，高级通商令5个,仙芝大材料包5个,冰玉大材料包5个,80级高级坐骑箱5个,70级高级铠甲箱5个,70级高级头盔箱5个,80级高级武器箱5个."
214,成长礼包,parsed_full,粮食*120000 / 铜钱*50000,鲁公手册(22)*5 / 鲁公图册(23)*2 / 徭役令(0)*2 / 招募令(27)*3 / 传音符(9)*10 / 初级行军符(76)*2 / 屯田令(1)*2 / 通商令(32)*2 / 福神符(107)*1 / 练兵符(109)*1,2,10,"[{""section_type"": 1, ""count"": 10}]",00,76,开启可获得：鲁公手册*5、鲁公图册*2、徭役令*2、招募令*3、传音符*10、初级行军符*2、屯田令*2、通商令*2、福神符*1、练兵符*1、铜钱*50000、粮食*120000。
215,拓展礼包,parsed_full,,徭役令(0)*3 / 财神符(105)*3 / 神农符(103)*3 / 屯田令(1)*3 / 通商令(32)*3,0,5,"[{""section_type"": 1, ""count"": 5}]",00,46,开启后可获得：徭役令*3、财神符*3、神农符*3、屯田令*3、通商令*3
216,精英新手礼包,parsed_full,,传音符小礼包(10)*1 / 旌旗(5)*2 / 迁封令(6)*2 / 青铜钥匙(59)*2 / 精铁钥匙(68)*2,0,5,"[{""section_type"": 1, ""count"": 5}]",00,46,开启后可获得：传音符小礼包*1、旌旗*2、迁封令*2、青铜钥匙*5、精铁钥匙*5
217,初阶装备礼包,parsed_full,,30级兵盔箱(49)*1 / 30级兵甲箱(173)*1 / 30级兵武箱(39)*1 / 35级兵骑箱(52)*1,0,4,"[{""section_type"": 1, ""count"": 4}]",00,42,开启后可获得：30级头盔箱*1、30级铠甲箱*1、30级武器箱*1、35级坐骑箱*1
218,初阶强化礼包,parsed_full,,浆果材料包(182)*1 / 灵草大材料包(203)*1 / 镔铁材料包(178)*1 / 水晶材料包(179)*1,0,4,"[{""section_type"": 1, ""count"": 4}]",00,42,开启后可获得：浆果大材料包*1、灵草大材料包*1、镔铁大材料包*1、水晶大材料包*1
219,新手体验包,parsed_full,,鲁公手册(22)*10 / 中级铜钱辎重(81)*3 / 中级粮食辎重(56)*3 / 徭役令(0)*4 / 兵书(16)*1,0,5,"[{""section_type"": 1, ""count"": 5}]",00,46,开启后可获得：鲁公手册*10、铜钱辎重（中*3、粮食辎重（中*3、徭役令*4、兵书*10
220,晋升礼包,parsed_full,,鲁公宝典(25)*2 / 鲁公秘录(26)*1 / 招募令(27)*8 / 高级招募令(28)*2,0,4,"[{""section_type"": 1, ""count"": 4}]",00,42,开启后可获得：鲁公宝典*2、鲁公秘录*1、招募令*8、高级招募令*2
221,神速礼包,parsed_full,,练兵符(109)*1 / 初级行军符(76)*6 / 中级行军符(77)*5 / 高级行军符(78)*4 / 特级行军符(79)*2,0,5,"[{""section_type"": 1, ""count"": 5}]",00,46,开启后可获得：练兵符*1、初级行军符*6、中级行军符*5、高级行军符*4、特级行军符*2
222,守护礼包,parsed_full,,免战牌(21)*1 / 驱逐令(101)*2 / 九转金丹(15)*1,0,3,"[{""section_type"": 1, ""count"": 3}]",00,38,开启后可获得：免战牌*1、驱逐令*2、九转金丹*1
223,华佗礼包,parsed_full,,重置丹(19)*1 / 活血丹(12)*4 / 小还丹(13)*3 / 大还丹(14)*2 / 九转金丹(15)*1,0,5,"[{""section_type"": 1, ""count"": 5}]",00,46,开启后可获得：洗髓丹*1、活血丹*4、小还丹*3、大还丹*2、九转金丹*1
224,初战礼包,parsed_full,,高级兵书(17)*5 / 战鼓(64)*1 / 八阵图(66)*1,0,3,"[{""section_type"": 1, ""count"": 3}]",00,38,开启后可获得：高级兵书*5、战鼓*1、八阵图*1
225,豪华强化礼包,parsed_full,,玉露大材料包(204)*1 / 仙芝大材料包(205)*1 / 玄铁大材料包(200)*1 / 冰玉大材料包(201)*1,0,4,"[{""section_type"": 1, ""count"": 4}]",00,42,开启后可获得：玉露大材料包*1、仙芝大材料包*1、玄铁大材料包*1、冰玉大材料包*1
226,豪华装备礼包,parsed_full,,70级兵盔箱(50)*5 / 70级兵甲箱(174)*5 / 80级兵武箱(48)*5 / 80级兵骑箱(177)*5,0,4,"[{""section_type"": 1, ""count"": 4}]",00,42,开启后可获得：70级头盔箱*5、70级铠甲箱*5、80级武器箱*5、80级坐骑箱*5
227,激战礼包,parsed_full,,悬赏令(102)*1 / 檄文(90)*1 / 木牛流马(92)*1 / 讨伐诏书(93)*1,0,4,"[{""section_type"": 1, ""count"": 4}]",00,42,开启后可获得：悬赏令*1、复仇檄文*1、木牛流马*1、讨伐诏书*1
228,精品礼包,parsed_full,,战鼓(64)*1 / 八阵图(66)*1 / 火药桶(30)*2 / 小还丹(13)*6 / 大还丹(14)*5 / 免战牌(21)*1 / 旌旗(5)*2 / 徭役令(0)*2 / 财神符(105)*2 / 神农符(103)*2 / 屯田令(1)*2 / 通商令(32)*2,0,12,"[{""section_type"": 1, ""count"": 12}]",00,74,开启后可获得:战鼓*1、八阵图*1、火药桶*2、小还丹*6、大还丹*5、免战牌*1、旌旗*2、徭役令*2、财神符*2、神农符*2、屯田令*2、通商令*2
229,极品礼包,parsed_full,,徭役令(0)*2 / 青铜钥匙(59)*2 / 精铁钥匙(68)*2 / 旌旗(5)*2 / 传音符(9)*2 / 活血丹(12)*2 / 小还丹(13)*2 / 大还丹(14)*2 / 初级行军符(76)*2 / 鲁公手册(22)*2 / 30级兵盔箱(49)*1 / 30级兵甲箱(173)*1 / 30级兵武箱(39)*1 / 35级兵骑箱(52)*1,0,14,"[{""section_type"": 1, ""count"": 14}]",00,82,开启后可获得：徭役令*2、青铜钥匙*2、精铁钥匙*2、旌旗*2、传音符*2、活血丹*2、小还丹*2、大还丹*2、初级行军符*2、鲁公手册*2、30级头盔箱*1、30级铠甲箱*1、30级武器箱*1、35级坐骑箱*1
230,金钻礼包,parsed_full,,紧急招募令(29)*2 / 大还丹(14)*10 / 九转金丹(15)*10 / 高级战鼓(65)*1 / 高级八阵图(67)*1 / 高级迁封令(8)*2 / 檄文(90)*2 / 木牛流马(92)*2 / 讨伐诏书(93)*2 / 高级屯田令(2)*2 / 高级通商令(33)*2 / 80级高级兵武箱(188)*2 / 70级高级兵盔箱(191)*2 / 70级高级兵甲箱(194)*2 / 80级高级兵骑箱(197)*2 / 传音符大礼包(11)*1 / 青铜钥匙(59)*5 / 精铁钥匙(68)*5,0,18,"[{""section_type"": 1, ""count"": 18}]",00,98,开启后可获得：紧急招募令*2、大还丹*10、九转金丹*10、高级战鼓*1、高级八阵图*1、高级迁封令*2、复仇檄文*2、木牛流马*2、讨伐诏书*2、高级屯田令*2、高级通商令*2、80级高级武器箱*2、70级高头盔器箱*2、70级高铠甲器箱*2、80级高坐骑器箱*2、传音符大礼包*1、青铜钥匙*5、精铁钥匙*5
236,黄钻新手礼包,parsed_full,,徭役令(0)*1 / 屯田令(1)*1 / 通商令(32)*1 / 鲁公手册(22)*1 / 初级行军符(76)*1 / 活血丹(12)*1 / 兵书(16)*1 / 传音符(9)*1 / 青铜钥匙(59)*1,0,9,"[{""section_type"": 1, ""count"": 9}]",00,62,徭役令x1，屯田令x1，通商令x1，鲁工手册x1，初级行军符x1，活血丹x1，兵书x1，传音符x1，青铜钥匙x1
237,黄钻每日礼包LV1,parsed_full,粮食*80000 / 铜钱*40000,,2,0,[],0000,34,铜钱x40000，粮食x80000
238,黄钻每日礼包LV2,parsed_full,粮食*90000 / 铜钱*45000,,2,0,[],0000,34,铜钱x45000，粮食x90000
239,黄钻每日礼包LV3,parsed_full,粮食*100000 / 铜钱*50000,,2,0,[],0000,34,铜钱x50000，粮食x100000
240,黄钻每日礼包LV4,parsed_full,粮食*100000 / 铜钱*50000,如意宝箱(242)*1,2,1,"[{""section_type"": 1, ""count"": 1}]",00,40,铜钱x50000，粮食x100000，如意宝箱x1
241,黄钻每日礼包LV5,parsed_full,粮食*110000 / 铜钱*55000,如意宝箱(242)*1,2,1,"[{""section_type"": 1, ""count"": 1}]",00,40,铜钱x55000，粮食x110000，如意宝箱x1
242,如意宝箱,unsupported_resource_type_4,,,0,0,[],04030a03010233005f010000006001000000610100000062010000000001005000010100fa00200103200002010014002101008c001601038400170100c800180100500019010014001a01000f000901,285,"如意宝箱可能会开出很多意想不到的宝物哦,赶紧打开看看吧.#probability#开启的道具概率如下：\n宝箱类道具 2.00%\n材料 12.70%\n功能性道具 19.45%\n加速类道具 27.45%\n增益性道具 13.40%\n装备 6.00%\n资产类道具 19.00%"
243,黄钻每日礼包LV6,parsed_full,粮食*120000 / 铜钱*60000,如意宝箱(242)*1,2,1,"[{""section_type"": 1, ""count"": 1}]",00,40,铜钱x60000，粮食x120000，如意宝箱x1
244,黄钻每日礼包LV7,parsed_full,粮食*120000 / 铜钱*60000,如意宝箱(242)*1 / 冰玉材料包(181)*1,2,2,"[{""section_type"": 1, ""count"": 2}]",00,44,铜钱x60000，粮食x120000，如意宝箱x1，冰玉材料包x1
245,黄钻每日礼包LV8,parsed_full,粮食*120000 / 铜钱*60000,如意宝箱(242)*1 / 冰玉材料包(181)*1 / 仙芝材料包(185)*1,2,3,"[{""section_type"": 1, ""count"": 3}]",00,48,铜钱x60000，粮食x120000，如意宝箱x1，冰玉材料包x1，仙芝材料包x1
246,年费黄钻每日礼包,parsed_full,,徭役令(0)*1,0,1,"[{""section_type"": 1, ""count"": 1}]",00,30,徭役令x1
247,升级礼包,parsed_full,白银*50,徭役令(0)*1 / 传音符(9)*5 / 鲁公手册(22)*1 / 招募令(27)*1 / 兵书(16)*1,1,5,"[{""section_type"": 1, ""count"": 5}]",00,51,"游戏礼包里有很多好东西,赶紧打开吧!"
248,升级礼包2,parsed_with_nonzero_trailing,白银*100,徭役令(0)*1 / 传音符(9)*5 / 旌旗(5)*1 / 鲁公手册(22)*2 / 招募令(27)*2 / 青铜钥匙(59)*1 / 火药桶(30)*1 / 兵书(16)*1 / 财神符(105)*1,1,9,"[{""section_type"": 1, ""count"": 9}]",0100010001020000000a,76,"礼包里有资源、宝物、礼包3,需要君主等级达到10级后才能打开."
249,升级礼包3,parsed_with_nonzero_trailing,白银*150,传音符(9)*5 / 旌旗(5)*1 / 鲁公图册(23)*1 / 高级招募令(28)*1 / 青铜钥匙(59)*1 / 活血丹(12)*1 / 火药桶(30)*1 / 兵书(16)*1 / 神农符(103)*1,1,9,"[{""section_type"": 1, ""count"": 9}]",01000100010200000014,76,"礼包里有资源、宝物、礼包4,需要君主等级达到20级后才能打开."
250,升级礼包4,parsed_with_nonzero_trailing,白银*200,传音符(9)*5 / 旌旗(5)*1 / 鲁公图册(23)*2 / 高级招募令(28)*2 / 初级行军符(76)*1 / 青铜钥匙(59)*1 / 小还丹(13)*1 / 招贤令(20)*1 / 兵书(16)*1 / 迁封令(6)*1,1,10,"[{""section_type"": 1, ""count"": 10}]",0100010001020000001e,80,"礼包里有资源、宝物、礼包5,需要君主等级达到30级后才能打开."
251,升级礼包5,parsed_with_nonzero_trailing,白银*250,传音符(9)*5 / 鲁公古籍(24)*1 / 紧急招募令(29)*1 / 中级行军符(77)*1 / 青铜钥匙(59)*1 / 大还丹(14)*1 / 火药桶(30)*1 / 兵书(16)*1 / 八阵图(66)*1 / 福神符(107)*1 / 迁封令(6)*1,1,11,"[{""section_type"": 1, ""count"": 11}]",01000100010200000028,84,"礼包里有资源、宝物、礼包6,需要君主等级达到40级后才能打开."
252,升级礼包6,parsed_with_nonzero_trailing,白银*300,传音符(9)*5 / 鲁公古籍(24)*2 / 紧急招募令(29)*2 / 高级行军符(78)*1 / 青铜钥匙(59)*1 / 九转金丹(15)*1 / 火药桶(30)*1 / 高级兵书(17)*1 / 战鼓(64)*1 / 练兵符(109)*1,1,10,"[{""section_type"": 1, ""count"": 10}]",01000100010200000032,80,"礼包里有资源、宝物、礼包7,需要君主等级达到50级后才能打开."
253,升级礼包7,parsed_with_nonzero_trailing,,高级迁封令(8)*1,0,1,"[{""section_type"": 1, ""count"": 1}]",0100010001020000003c,39,"礼包里有一个高级迁封令,需要君主等级达到60级后才能打开."
256,黄金包,parsed_full,黄金*100,,1,0,[],0000,29,黄金x100
257,活血丹包,parsed_full,,活血丹(12)*3,0,1,"[{""section_type"": 1, ""count"": 1}]",00,30,活血丹x3
258,兵书包,parsed_full,,兵书(16)*5,0,1,"[{""section_type"": 1, ""count"": 1}]",00,30,普通兵书x5
259,传音符小包,parsed_full,,传音符(9)*2,0,1,"[{""section_type"": 1, ""count"": 1}]",00,30,传音符x2
260,鲁公手册包,parsed_full,,鲁公手册(22)*3,0,1,"[{""section_type"": 1, ""count"": 1}]",00,30,鲁公手册x3
261,通商令包,parsed_full,,通商令(32)*2,0,1,"[{""section_type"": 1, ""count"": 1}]",00,30,通商令x2
264,魔钻每日礼包LV1,parsed_full,粮食*60000 / 铜钱*30000,,2,0,[],0000,34,铜钱x30000，粮食x60000
265,魔钻每日礼包LV2,parsed_full,粮食*70000 / 铜钱*35000,,2,0,[],0000,34,铜钱x35000，粮食x70000
266,魔钻每日礼包LV3,parsed_full,粮食*80000 / 铜钱*45000,,2,0,[],0000,34,铜钱x45000，粮食x80000
267,魔钻每日礼包LV4,parsed_full,粮食*80000 / 铜钱*45000,如意宝箱(242)*1,2,1,"[{""section_type"": 1, ""count"": 1}]",00,40,铜钱x45000，粮食x80000
268,魔钻每日礼包LV5,parsed_full,粮食*90000 / 铜钱*50000,如意宝箱(242)*1,2,1,"[{""section_type"": 1, ""count"": 1}]",00,40,铜钱x50000，粮食x90000
269,魔钻每日礼包LV6,parsed_full,粮食*90000 / 铜钱*50000,如意宝箱(242)*1 / 冰玉材料包(181)*1,2,2,"[{""section_type"": 1, ""count"": 2}]",00,44,铜钱x50000，粮食x90000
270,特权礼包,parsed_full,,青铜钥匙(59)*1 / 精铁钥匙(68)*1 / 八阵图(66)*1 / 悬赏令(102)*1 / 檄文(90)*1 / 高级招募令(28)*1 / 徭役令(0)*1 / 财神符(105)*1 / 神农符(103)*1 / 屯田令(1)*1 / 通商令(32)*1,0,11,"[{""section_type"": 1, ""count"": 11}]",00,70,开启后可获得:青铜钥匙*1、精铁钥匙*1、八阵图*1、悬赏令*1、复仇檄文*1、高级招募令*1、徭役令*1、财神符*1、神农符*1、屯田令*1、通商令*1
283,任务物品礼包,unreasonable_item_count,,任务物品礼包(283)*1 / 通达券(271)*99 / 藏宝图(272)*99 / 五行石(273)*99 / 玫瑰花(274)*99 / 红枣(275)*99 / 糯米(276)*99 / 粽叶(277)*99 / 腊肉(278)*99 / 陨铁(279)*99 / 赤铜(280)*99 / 虎皮(281)*99 / 仙草(282)*99,0,13,"[{""section_type"": 1, ""count"": 13}, {""section_type"": 1, ""count"": 512}]",02004a00,81,无敌
284,副本钥匙礼包,unreasonable_item_count,,副本钥匙礼包(284)*1 / 山贼令(231)*99 / 追缉令(232)*99 / 大汉军旗(233)*99 / 护卫令(234)*99 / 剿灭令(235)*99 / 壮军鼓(254)*99 / 乌桓地图(255)*99 / 贪官罪证(262)*99 / 曹仁兵符(263)*99,0,10,"[{""section_type"": 1, ""count"": 10}, {""section_type"": 1, ""count"": 512}]",02004a00,69,无敌
287,15级卓越亮银枪,unreasonable_item_count,,,0,0,"[{""section_type"": 1, ""count"": 257}]",01010005271027100400000000000000000000,41,可得到1件15级的亮银枪，品质为卓越。
288,25级卓越赤金斧,unreasonable_item_count,,,0,0,"[{""section_type"": 1, ""count"": 257}]",01010007271027100400000000000000000000,41,可得到1件25级的赤金斧，品质为卓越。
289,40级卓越流云弓,unreasonable_item_count,,,0,0,"[{""section_type"": 1, ""count"": 257}]",0101000a271027100400000000000000000000,41,可得到1件40级的流云弓，品质为卓越。
290,50级卓越避水剑,unreasonable_item_count,,,0,0,"[{""section_type"": 1, ""count"": 257}]",0101000c271027100400000000000000000000,41,可得到1件50级的避水剑，品质为卓越。
291,60级卓越破天锤,unreasonable_item_count,,,0,0,"[{""section_type"": 1, ""count"": 257}]",0101000e271027100400000000000000000000,41,可得到1件60级的破天锤，品质为卓越。
292,70级卓越宝雕弓,unreasonable_item_count,,,0,0,"[{""section_type"": 1, ""count"": 257}]",01010010271027100400000000000000000000,41,可得到1件70级的宝雕弓，品质为卓越。
293,75级卓越霸王枪,unreasonable_item_count,,,0,0,"[{""section_type"": 1, ""count"": 257}]",01010011271027100400000000000000000000,41,可得到1件75级的霸王枪，品质为卓越。
294,10级卓越皮盔,unreasonable_item_count,,,0,0,"[{""section_type"": 1, ""count"": 257}]",0101001e271027100400000000000000000000,41,可得到1件10级的皮盔，品质为卓越。
295,22级卓越青铜盔,unreasonable_item_count,,,0,0,"[{""section_type"": 1, ""count"": 257}]",0101001f271027100400000000000000000000,41,可得到1件22级的青铜盔，品质为卓越。
296,34级卓越精铁盔,unreasonable_item_count,,,0,0,"[{""section_type"": 1, ""count"": 257}]",01010020271027100400000000000000000000,41,可得到1件34级的精铁盔，品质为卓越。
297,46级卓越白银盔,unreasonable_item_count,,,0,0,"[{""section_type"": 1, ""count"": 257}]",01010021271027100400000000000000000000,41,可得到1件46级的白银盔，品质为卓越。
298,58级卓越黄金盔,unreasonable_item_count,,,0,0,"[{""section_type"": 1, ""count"": 257}]",01010022271027100400000000000000000000,41,可得到1件58级的黄金盔，品质为卓越。
299,70级卓越紫金盔,unreasonable_item_count,,,0,0,"[{""section_type"": 1, ""count"": 257}]",01010023271027100400000000000000000000,41,可得到1件70级的紫金盔，品质为卓越。
300,8级卓越皮铠,unreasonable_item_count,,,0,0,"[{""section_type"": 1, ""count"": 257}]",01010028271027100400000000000000000000,41,可得到1件8级的皮铠，品质为卓越。
301,20级卓越青铜铠,unreasonable_item_count,,,0,0,"[{""section_type"": 1, ""count"": 257}]",01010029271027100400000000000000000000,41,可得到1件20级的青铜铠，品质为卓越。
302,32级卓越精铁铠,unreasonable_item_count,,,0,0,"[{""section_type"": 1, ""count"": 257}]",0101002a271027100400000000000000000000,41,可得到1件32级的精铁铠，品质为卓越。
303,44级卓越白银铠,unreasonable_item_count,,,0,0,"[{""section_type"": 1, ""count"": 257}]",0101002b271027100400000000000000000000,41,可得到1件44级的白银铠，品质为卓越。
304,56级卓越黄金铠,unreasonable_item_count,,,0,0,"[{""section_type"": 1, ""count"": 257}]",0101002c271027100400000000000000000000,41,可得到1件56级的黄金铠，品质为卓越。
305,68级卓越紫金铠,unreasonable_item_count,,,0,0,"[{""section_type"": 1, ""count"": 257}]",0101002d271027100400000000000000000000,41,可得到1件68级的紫金铠，品质为卓越。
306,15级卓越战马,unreasonable_item_count,,,0,0,"[{""section_type"": 1, ""count"": 257}]",01010032271027100400000000000000000000,41,可得到1匹15级的战马，品质为卓越。
307,32级卓越红鬃马,unreasonable_item_count,,,0,0,"[{""section_type"": 1, ""count"": 257}]",01010033271027100400000000000000000000,41,可得到1匹32级的战马，品质为卓越。
308,49级卓越黄骠马,unreasonable_item_count,,,0,0,"[{""section_type"": 1, ""count"": 257}]",01010034271027100400000000000000000000,41,可得到1匹49级的黄骠马，品质为卓越。
309,66级卓越大宛马,unreasonable_item_count,,,0,0,"[{""section_type"": 1, ""count"": 257}]",01010035271027100400000000000000000000,41,可得到1匹66级的大宛马，品质为卓越。
310,15级优秀亮银枪,unreasonable_item_count,,,0,0,"[{""section_type"": 1, ""count"": 257}]",01010005271000000400000000271000000000,41,可得到1件15级的亮银枪，品质为优秀。
311,25级优秀赤金斧,unreasonable_item_count,,,0,0,"[{""section_type"": 1, ""count"": 257}]",01010007271000000400000000271000000000,41,可得到1件25级的赤金斧，品质为优秀。
312,40级优秀流云弓,unreasonable_item_count,,,0,0,"[{""section_type"": 1, ""count"": 257}]",0101000a271000000400000000271000000000,41,可得到1件40级的流云弓，品质为优秀。
313,50级优秀避水剑,unreasonable_item_count,,,0,0,"[{""section_type"": 1, ""count"": 257}]",0101000c271000000400000000271000000000,41,可得到1件50级的避水剑，品质为优秀。
314,60级优秀破天锤,unreasonable_item_count,,,0,0,"[{""section_type"": 1, ""count"": 257}]",0101000e271000000400000000271000000000,41,可得到1件60级的破天锤，品质为优秀。
315,70级优秀宝雕弓,unreasonable_item_count,,,0,0,"[{""section_type"": 1, ""count"": 257}]",01010010271000000400000000271000000000,41,可得到1件70级的宝雕弓，品质为优秀。
316,75级优秀霸王枪,unreasonable_item_count,,,0,0,"[{""section_type"": 1, ""count"": 257}]",01010011271000000400000000271000000000,41,可得到1件75级的霸王枪，品质为优秀。
317,10级优秀皮盔,unreasonable_item_count,,,0,0,"[{""section_type"": 1, ""count"": 257}]",0101001e271000000400000000271000000000,41,可得到1件10级的皮盔，品质为优秀。
318,22级优秀青铜盔,unreasonable_item_count,,,0,0,"[{""section_type"": 1, ""count"": 257}]",0101001f271000000400000000271000000000,41,可得到1件22级的青铜盔，品质为优秀。
319,34级优秀精铁盔,unreasonable_item_count,,,0,0,"[{""section_type"": 1, ""count"": 257}]",01010020271000000400000000271000000000,41,可得到1件34级的精铁盔，品质为优秀。
320,46级优秀白银盔,unreasonable_item_count,,,0,0,"[{""section_type"": 1, ""count"": 257}]",01010021271000000400000000271000000000,41,可得到1件46级的白银盔，品质为优秀。
321,58级优秀黄金盔,unreasonable_item_count,,,0,0,"[{""section_type"": 1, ""count"": 257}]",01010022271000000400000000271000000000,41,可得到1件58级的黄金盔，品质为优秀。
322,70级优秀紫金盔,unreasonable_item_count,,,0,0,"[{""section_type"": 1, ""count"": 257}]",01010023271000000400000000271000000000,41,可得到1件70级的紫金盔，品质为优秀。
323,8级优秀皮铠,unreasonable_item_count,,,0,0,"[{""section_type"": 1, ""count"": 257}]",01010028271000000400000000271000000000,41,可得到1件8级的皮铠，品质为优秀。
324,20级优秀青铜铠,unreasonable_item_count,,,0,0,"[{""section_type"": 1, ""count"": 257}]",01010029271000000400000000271000000000,41,可得到1件20级的青铜铠，品质为优秀。
325,32级优秀精铁铠,unreasonable_item_count,,,0,0,"[{""section_type"": 1, ""count"": 257}]",0101002a271000000400000000271000000000,41,可得到1件32级的精铁铠，品质为优秀。
326,44级优秀白银铠,unreasonable_item_count,,,0,0,"[{""section_type"": 1, ""count"": 257}]",0101002b271000000400000000271000000000,41,可得到1件44级的白银铠，品质为优秀。
327,56级优秀黄金铠,unreasonable_item_count,,,0,0,"[{""section_type"": 1, ""count"": 257}]",0101002c271000000400000000271000000000,41,可得到1件56级的黄金铠，品质为优秀。
328,68级优秀紫金铠,unreasonable_item_count,,,0,0,"[{""section_type"": 1, ""count"": 257}]",0101002d271000000400000000271000000000,41,可得到1件68级的紫金铠，品质为优秀。
329,15级优秀战马,unreasonable_item_count,,,0,0,"[{""section_type"": 1, ""count"": 257}]",01010032271000000400000000271000000000,41,可得到1匹15级的战马，品质为优秀。
330,32级优秀红鬃马,unreasonable_item_count,,,0,0,"[{""section_type"": 1, ""count"": 257}]",01010033271000000400000000271000000000,41,可得到1匹32级的红鬃马，品质为优秀。
331,49级优秀黄骠马,unreasonable_item_count,,,0,0,"[{""section_type"": 1, ""count"": 257}]",01010034271000000400000000271000000000,41,可得到1匹49级的黄骠马，品质为优秀。
332,66级优秀大宛马,unreasonable_item_count,,,0,0,"[{""section_type"": 1, ""count"": 257}]",01010035271000000400000000271000000000,41,可得到1匹66级的大宛马，品质为优秀。
333,钱袋,parsed_full,白银*888,,1,0,[],0000,29,开启后可获得888白银
334,乾坤袋,parsed_full,粮食*999999 / 铜钱*99999 / 白银*999 / 黄金*99,,4,0,[],0000,44,开启后可获得99黄金、999白银、99999铜钱、999999粮食\n
335,月饼,parsed_full,粮食*888888 / 铜钱*88888,,2,0,[],0000,34,开启后可获得88888铜钱、888888粮食\n
336,汤圆,parsed_full,粮食*999999 / 铜钱*99999,,2,0,[],0000,34,开启后可获得99999铜钱、999999粮食
337,高级玄铁礼包,parsed_full,,玄铁(35)*999,0,1,"[{""section_type"": 1, ""count"": 1}]",00,30,打开后可获得999玄铁
338,高级冰玉礼包,parsed_full,,冰玉(119)*999,0,1,"[{""section_type"": 1, ""count"": 1}]",00,30,打开后可获得999冰玉
339,高级玉露礼包,parsed_full,,玉露(122)*999,0,1,"[{""section_type"": 1, ""count"": 1}]",00,30,打开后可获得999玉露
340,高级仙芝礼包,parsed_full,,仙芝(123)*999,0,1,"[{""section_type"": 1, ""count"": 1}]",00,30,打开后可获得999仙芝
365,魔钻每日礼包LV7,parsed_full,粮食*100000 / 铜钱*60000,如意宝箱(242)*1 / 冰玉材料包(181)*1,2,2,"[{""section_type"": 1, ""count"": 2}]",00,44,铜钱x60000，粮食x100000
366,君王刘备,unsupported_resource_type_12,,,0,0,[],0c010d01010e01000ee58898e5a4872c31303633392c30010100110100160100020000,56,开启后可获得:君王将——刘备！
367,君王曹操,unsupported_resource_type_12,,,0,0,[],0c010d01010e01000ee69bb9e6938d2c31303634322c30010100110100160100020000,56,开启后可获得:君王将——曹操！
368,君王刘表,unsupported_resource_type_12,,,0,0,[],0c010d01010e01000ee58898e8a1a82c31303634382c30010100110100190100020000,56,开启后可获得:君王将——刘表！
369,君王袁术,unsupported_resource_type_12,,,0,0,[],0c010d01010e01000ee8a281e69caf2c31303634302c30010100110100250100020000,56,开启后可获得:君王将——袁术！
370,君王马腾,unsupported_resource_type_12,,,0,0,[],0c010d01010e01000ee9a9ace885be2c31303634352c30010100110100260100020000,56,开启后可获得:君王将——马腾！
371,君王董卓,unsupported_resource_type_12,,,0,0,[],0c010d01010e01000ee891a3e58d932c31303634362c30010100110100250100020000,56,开启后可获得:君王将——董卓！
372,君王袁绍,unsupported_resource_type_12,,,0,0,[],0c010d01010e01000ee8a281e7bb8d2c31303634392c30010100110100190100040000,56,开启后可获得:君王将——袁绍！
373,君王张鲁,unsupported_resource_type_12,,,0,0,[],0c010d01010e01000ee5bca0e9b2812c31303634342c30010100110100250100040000,56,开启后可获得:君王将——张鲁！
374,君王献帝,unsupported_resource_type_12,,,0,0,[],0c010d01010e01000ee78caee5b89d2c31303635302c30010100110100220100040000,56,开启后可获得:君王将——献帝！
375,君王孙权,unsupported_resource_type_12,,,0,0,[],0c010d01010e01000ee5ad99e69d832c31303633372c30010100110100230100040000,56,开启后可获得:君王将——孙权！
376,君王公孙瓒,unsupported_resource_type_12,,,0,0,[],0c010d01010e010011e585ace5ad99e793922c31303634372c30010100110100180100010000,59,开启后可获得:君王将——公孙瓒！
377,君王孟获,unsupported_resource_type_12,,,0,0,[],0c010d01010e01000ee5ad9fe88eb72c31303633382c30010100110100250100010000,56,开启后可获得:君王将——孟获！
378,君王陶谦,unsupported_resource_type_12,,,0,0,[],0c010d01010e01000ee999b6e8b0a62c31303634312c30010100110100190100000000,56,开启后可获得:君王将——陶谦！
379,君王公孙度,unsupported_resource_type_12,,,0,0,[],0c010d01010e010011e585ace5ad99e5baa62c31303634332c30010100110100240100000000,59,开启后可获得:君王将——公孙度！
380,将魂礼包,unsupported_resource_type_12,,,0,0,[],0c010d01020001011e000a0f0700000101001204001a001b001c001d040000000200040001177000000101001201001c0200010002044c00000101001201001d03000000040002044c00000101001202,178,"开启后可获得:将神魂*10,并随机赠送1个83-89成长的将领."
388,诸葛果,unsupported_resource_type_12,,,0,0,[],0c010d01010e010011e8afb8e8919be69e9c2c31323031302c30010100110100280100040000,59,开启后可获得：美女名将--诸葛果
390,吕玲绮,unsupported_resource_type_12,,,0,0,[],0c010d01010e010011e59095e78eb2e7bbae2c31323030372c30010100110100290100020000,59,开启后可获得：美女名将--吕玲绮
391,马云禄,unsupported_resource_type_12,,,0,0,[],0c010d01010e010011e9a9ace4ba91e7a6842c31323030382c30010100110100280100020000,59,开启后可获得：美女名将--马云禄
392,吴国太,unsupported_resource_type_12,,,0,0,[],0c010d01010e010011e590b4e59bbde5a4aa2c31323030392c30010100110100280100000000,59,开启后可获得：美女名将--吴国太
393,花鬘,unsupported_resource_type_12,,,0,0,[],0c010d01010e01000ee88ab1e9ac982c31323030352c30010100110100280100000000,56,开启后可获得：美女名将--花鬘
394,曹婴,unsupported_resource_type_12,,,0,0,[],0c010d01010e01000ee69bb9e5a9b42c31323030332c30010100110100270100020000,56,开启后可获得：美女名将--曹婴
395,鲍三娘,unsupported_resource_type_12,,,0,0,[],0c010d01010e010011e9b28de4b889e5a8982c31323030312c30010100110100270100020000,59,开启后可获得：美女名将--鲍三娘
396,董白,unsupported_resource_type_12,,,0,0,[],0c010d01010e01000ee891a3e799bd2c31323030342c30010100110100280100000000,56,开启后可获得：美女名将--董白
397,黄舞蝶,unsupported_resource_type_12,,,0,0,[],0c010d01010e010011e9bb84e8889ee89db62c31323030362c30010100110100290100010000,59,开启后可获得：美女名将--黄舞蝶
398,卞夫人,unsupported_resource_type_12,,,0,0,[],0c010d01010e010011e58d9ee5a4abe4baba2c31323030322c30010100110100270100040000,59,开启后可获得：美女名将--卞夫人
401,六六大顺,parsed_full,白银*666 / 黄金*666,,2,0,[],0000,34,开启后可获得666黄金、666白银\n
402,红包,parsed_full,粮食*666666 / 铜钱*666666 / 白银*66 / 黄金*6,,4,0,[],0000,44,开启后可获得6黄金、66白银、666666铜钱、666666粮食
403,南华老仙,unsupported_resource_type_12,,,0,0,[],0c010d01010e010014e58d97e58d8ee88081e4bb992c31323037312c300101001101002a0100040000,62,开启后可获得：名将--南华老仙
404,邹夫人,unsupported_resource_type_12,,,0,0,[],0c010d01010e010011e982b9e5a4abe4baba2c31323036372c300101001101002b0100010000,59,开启后可获得：美女名将--邹夫人
405,步练师,unsupported_resource_type_12,,,0,0,[],0c010d01010e010011e6ada5e7bb83e5b8882c31323036382c300101001101002b0100040000,59,开启后可获得：美女名将--步练师
406,樊夫人,unsupported_resource_type_12,,,0,0,[],0c010d01010e010011e6a88ae5a4abe4baba2c31323036392c300101001101002b0100020000,59,开启后可获得：美女名将--樊夫人
407,玉女,unsupported_resource_type_12,,,0,0,[],0c010d01010e01000ee78e89e5a5b32c31323036362c30010100140100110100000000,56,开启后可获得：将领--玉女
408,金童,unsupported_resource_type_12,,,0,0,[],0c010d01010e01000ee98791e7aba52c31323037302c30010100140100130100020000,56,开启后可获得：将领--金童
411,黄金宝藏,parsed_full,黄金*1,,1,0,[],0000,29,从宝藏金山银山找到的黄金宝藏，打开后，获得1个黄金
412,白银宝藏,parsed_full,白银*1,,1,0,[],0000,29,从宝藏金山银山找到的白银宝藏，打开后，获得1个白银
417,粮食宝藏,parsed_full,粮食*10000,,1,0,[],0000,29,藏于粮仓之中，打开后可获得10000粮食。
418,铜钱宝藏,parsed_full,铜钱*10000,,1,0,[],0000,29,藏于钱庄之中，打开后可以获得10000铜钱。
419,90级卓越龙胆枪,unreasonable_item_count,,,0,0,"[{""section_type"": 1, ""count"": 257}]",0101001c271027100400000000000000000000,41,可得到1件90级的龙胆枪，品质为卓越。
420,85级卓越七星刀,unreasonable_item_count,,,0,0,"[{""section_type"": 1, ""count"": 257}]",0101001a271027100400000000000000000000,41,可得到1件85级的七星刀，品质为卓越。
421,80级卓越古锭刀,unreasonable_item_count,,,0,0,"[{""section_type"": 1, ""count"": 257}]",01010018271027100400000000000000000000,41,可得到1件80级的古锭刀，品质为卓越。
422,75级卓越真·霸王枪,unreasonable_item_count,,,0,0,"[{""section_type"": 1, ""count"": 257}]",0101004a271027100400000000000000000000,41,可得到1件75级的真·霸王枪，品质为卓越。
423,90级卓越朱雀铠,unreasonable_item_count,,,0,0,"[{""section_type"": 1, ""count"": 257}]",01010030271027100400000000000000000000,41,可得到1件90级的朱雀铠，品质为卓越。
424,85级卓越白虎铠,unreasonable_item_count,,,0,0,"[{""section_type"": 1, ""count"": 257}]",0101002f271027100400000000000000000000,41,可得到1件85级的白虎铠，品质为卓越。
425,80级卓越玄武铠,unreasonable_item_count,,,0,0,"[{""section_type"": 1, ""count"": 257}]",0101002e271027100400000000000000000000,41,可得到1件80级的玄武铠，品质为卓越。
426,90级卓越朱雀盔,unreasonable_item_count,,,0,0,"[{""section_type"": 1, ""count"": 257}]",01010026271027100400000000000000000000,41,可得到1件90级的朱雀盔，品质为卓越。
427,85级卓越白虎盔,unreasonable_item_count,,,0,0,"[{""section_type"": 1, ""count"": 257}]",01010025271027100400000000000000000000,41,可得到1件85级的白虎盔，品质为卓越。
428,80级卓越玄武盔,unreasonable_item_count,,,0,0,"[{""section_type"": 1, ""count"": 257}]",01010024271027100400000000000000000000,41,可得到1件80级的玄武盔，品质为卓越。
429,90级卓越的卢,unreasonable_item_count,,,0,0,"[{""section_type"": 1, ""count"": 257}]",01010039271027100400000000000000000000,41,可得到1匹90级的的卢，品质为卓越。
430,85级卓越绝影,unreasonable_item_count,,,0,0,"[{""section_type"": 1, ""count"": 257}]",01010037271027100400000000000000000000,41,可得到1匹85级的绝影，品质为卓越。
431,80级卓越爪黄飞电,unreasonable_item_count,,,0,0,"[{""section_type"": 1, ""count"": 257}]",01010038271027100400000000000000000000,41,可得到1匹80级的爪黄飞电，品质为卓越。
433,孙策,unsupported_resource_type_12,,,0,0,[],0c010d01010e01000ee5ad99e7ad962c31323133312c30010100110100270100020000,56,开启后可获得:孙策！
434,孙坚,unsupported_resource_type_12,,,0,0,[],0c010d01010e01000ee5ad99e59d9a2c31323133322c30010100110100290100010000,56,开启后可获得:孙坚！
435,庞德公,unsupported_resource_type_12,,,0,0,[],0c010d01010e010011e5ba9ee5beb7e585ac2c31323133332c30010100110100280100000000,59,开启后可获得:庞德公！
436,伏后,unsupported_resource_type_12,,,0,0,[],0c010d01010e01000ee4bc8fe5908e2c31323133342c30010100110100280100040000,56,开启后可获得:伏后！
437,刘三刀,unsupported_resource_type_12,,,0,0,[],0c010d01010e010011e58898e4b889e588802c31323133352c30010100160100050100040000,59,开启后可获得:刘三刀！
438,曹冲,unsupported_resource_type_12,,,0,0,[],0c010d01010e01000ee69bb9e586b22c31323133362c30010100170100050100000000,56,开启后可获得:曹冲！
439,黄承彦,unsupported_resource_type_12,,,0,0,[],0c010d01010e010011e9bb84e689bfe5bda62c31323133372c300101001801000b0100020000,59,开启后可获得:黄承彦！
440,羊祜,unsupported_resource_type_12,,,0,0,[],0c010d01010e01000ee7be8ae7a59c2c31323133382c30010100180100080100010000,56,开启后可获得:羊祜！
442,年货,parsed_full,,徭役令(0)*6 / 鲁公手册(22)*6 / 招募令(27)*6 / 初级行军符(76)*6 / 大还丹(14)*6 / 玉石(399)*6 / 财神符(105)*6 / 神农符(103)*6,0,8,"[{""section_type"": 1, ""count"": 8}]",00,58,开启后可获得徭役令*6、鲁公手册*6、招募令*6、初级行军符*6、大还丹*6、玉石*6、财神符*6、神农符*6
443,压岁钱,parsed_full,粮食*888888 / 铜钱*888888 / 白银*88 / 黄金*8,,4,0,[],0000,44,开启可获得8黄金、88白银、888888铜钱、888888粮食
444,购物卡,parsed_full,白银*888 / 黄金*888,,2,0,[],0000,34,开启后可获得888黄金、888白银
445,礼盒,parsed_full,,冰玉(119)*66 / 仙芝(123)*66 / 玄铁(35)*66 / 玉石(399)*66,0,4,"[{""section_type"": 1, ""count"": 4}]",00,42,开启可获得冰玉*66、仙芝*66、玄铁*66、玉石*66
446,贺卡,parsed_full,黄金*8,,1,0,[],0000,29,开启后可获得8黄金
447,聚宝盆,parsed_full,白银*1688 / 黄金*1688,,2,0,[],0000,34,开启后可获得1688黄金、1688白银
448,将领宝箱,unsupported_resource_type_12,,,0,0,[],0c010d01020001011e000a0f1400000101001904001a001b001c001d0400000002000400010d9300000101001901001c020001000203e800000101001901001d0300000004000203e800000101001902,450,"开启获得将神魂*10 ,并随机附赠1个80-92成长的将领( 90-99突围),有0.02%几率可获得陶谦、张鲁."
449,神将宝箱,unsupported_resource_type_12,,,0,0,[],0c010d01020001011e000a0f20000fe9b28de4b889e5a8982c3132303031010100110100270100020143000fe58d9ee5a4abe4baba2c3132303032010100110100270100040143000fe6ada5e7bb83e5,913,开启获得将神魂*10，并随机附赠1个92成长的君王将或美女将
450,特级兵武箱,unsupported_resource_type_5,,,0,0,[],05010b01020001019d000103290000020801f4040000000000000000003a020801f4040000000000000000005a020801f40400000000000000000046020801f40400000000000000000001020801f404,651,开启获得昆仑玄铁*1，并附赠一把90级以内武器，品质在良好及以上
451,特级兵盔箱,unsupported_resource_type_5,,,0,0,[],05010b01020001019e00010314003d045101f40400000000000000000059045101f4040000000000000000004b045101f4040000000000000000001e045101f4040000000000000000001f03bf01f404,336,开启获得天魂灵石*1，并附赠一把90级以内头盔，品质在良好及以上
452,特级兵骑箱,unsupported_resource_type_5,,,0,0,[],05010b0102000101a0000103150043045101f40400000000000000000054045101f40400000000000000000051045101f40400000000000000000032045101f4040000000000000000003303bf01f404,351,开启获得山海精华*1，并附赠一把90级以内坐骑，品质在良好及以上
453,特级兵铠箱,unsupported_resource_type_5,,,0,0,[],05010b01020001019f000103140041044c01f4040000000000000000005d044c01f4040000000000000000004e044c01f40400000000000000000028044c01f40400000000000000000029044c01f404,336,开启获得地魄灵石*1，并附赠一把90级以内铠甲，品质在良好及以上
454,昆仑玄铁材料包,parsed_full,,昆仑玄铁(413)*99,0,1,"[{""section_type"": 1, ""count"": 1}]",00,30,"内含99个昆仑玄铁,可用于武器炼魂."
455,地魄灵石材料包,parsed_full,,地魄灵石(415)*99,0,1,"[{""section_type"": 1, ""count"": 1}]",00,30,"内含99个地魄灵石,可用于铠甲炼魂."
456,天魂灵石材料包,parsed_full,,天魂灵石(414)*99,0,1,"[{""section_type"": 1, ""count"": 1}]",00,30,"内含99个天魂灵石,可用于头盔炼魂."
457,山海精华材料包,parsed_full,,山海精华(416)*99,0,1,"[{""section_type"": 1, ""count"": 1}]",00,30,"内含99个山海精华,可用于坐骑炼魂."
543,金钻山贼宝箱,unsupported_resource_type_4,,,0,0,[],04010a0101021c0016010bc1000c0104f000200104e4018f0102ef004c0101f500000101f5000d0101f5001701017700010100fa000e0100c8001b0100c8019a0100c8006b01007c006001007c001301,170,金钻专供，使用自动消灭山贼功能，有几率获得。#probability#开启的道具概率如下：\n功能性道具 29.14%\n加速类道具 41.14%\n增益性道具 18.74%\n资产类道具 8.95%\n材料 1.74%\n任务道具 0.29%
544,滑头称号宝箱,unsupported_resource_type_16,,,0,0,[],10000130000000,28,打开可获得滑头称号！
545,寨主称号宝箱,unsupported_resource_type_16,,,0,0,[],10000131000000,28,打开可获得寨主称号！
546,福星称号宝箱,unsupported_resource_type_16,,,0,0,[],10000132000000,28,打开可获得福星称号！
547,学士称号宝箱,unsupported_resource_type_16,,,0,0,[],10000133000000,28,打开可获得学士称号！
548,先锋称号宝箱,unsupported_resource_type_16,,,0,0,[],10000135000000,28,打开可获得先锋称号！
549,护军称号宝箱,unsupported_resource_type_16,,,0,0,[],10000136000000,28,打开可获得护军称号！
550,破军称号宝箱,unsupported_resource_type_16,,,0,0,[],10000137000000,28,打开可获得破军称号！
551,猛将称号宝箱,unsupported_resource_type_16,,,0,0,[],10000138000000,28,打开可获得猛将称号！
552,贪狼称号宝箱,unsupported_resource_type_16,,,0,0,[],10000139000000,28,打开可获得贪狼称号！
553,财主称号宝箱,unsupported_resource_type_16,,,0,0,[],1000023130000000,29,打开可获得财主称号！
554,地主称号宝箱,unsupported_resource_type_16,,,0,0,[],1000023131000000,29,打开可获得地主称号！
555,名士称号宝箱,unsupported_resource_type_16,,,0,0,[],1000023132000000,29,打开可获得名士称号！
556,劳模称号宝箱,unsupported_resource_type_16,,,0,0,[],1000023133000000,29,打开可获得劳模称号！
557,善人称号宝箱,unsupported_resource_type_16,,,0,0,[],1000023134000000,29,打开可获得善人称号！
558,明君称号宝箱,unsupported_resource_type_16,,,0,0,[],1000023135000000,29,打开可获得明君称号！
559,贤君称号宝箱,unsupported_resource_type_16,,,0,0,[],1000023136000000,29,打开可获得贤君称号！
560,达人称号宝箱,unsupported_resource_type_16,,,0,0,[],1000023137000000,29,打开可获得达人称号！
561,无双称号宝箱,unsupported_resource_type_16,,,0,0,[],1000023138000000,29,打开可获得无双称号！
562,宗师称号宝箱,unsupported_resource_type_16,,,0,0,[],1000023139000000,29,打开可获得宗师称号！
563,神工称号宝箱,unsupported_resource_type_16,,,0,0,[],1000023230000000,29,打开可获得神工称号！
564,枭雄称号宝箱,unsupported_resource_type_16,,,0,0,[],1000023231000000,29,打开可获得枭雄称号！
565,霸主称号宝箱,unsupported_resource_type_16,,,0,0,[],1000023232000000,29,打开可获得霸主称号！
566,武圣称号宝箱,unsupported_resource_type_16,,,0,0,[],1000023333000000,29,打开可获得武圣称号！
567,飞将称号宝箱,unsupported_resource_type_16,,,0,0,[],1000023334000000,29,打开可获得飞将称号！
568,大神称号宝箱,unsupported_resource_type_16,,,0,0,[],1000023335000000,29,打开可获得大神称号！
569,天子称号宝箱,unsupported_resource_type_16,,,0,0,[],1000023336000000,29,打开可获得天子称号！
570,军师称号宝箱,unsupported_resource_type_16,,,0,0,[],1000023337000000,29,打开可获得军师称号！
571,暴君称号宝箱,unsupported_resource_type_16,,,0,0,[],1000023338000000,29,打开可获得暴君称号！
572,卧龙称号宝箱,unsupported_resource_type_16,,,0,0,[],1000023339000000,29,打开可获得卧龙称号！
573,凤雏称号宝箱,unsupported_resource_type_16,,,0,0,[],1000023430000000,29,打开可获得凤雏称号！
574,冢虎称号宝箱,unsupported_resource_type_16,,,0,0,[],1000023431000000,29,打开可获得冢虎称号！
578,帝王称号宝箱,unsupported_resource_type_16,,,0,0,[],1000023432000000,29,打开可获得帝王称号！
579,神捕称号宝箱,unsupported_resource_type_16,,,0,0,[],1000023433000000,29,打开可获得神捕称号！
582,少·献帝,unsupported_resource_type_12,,,0,0,[],0c010d01010e010013e5b091c2b7e78caee5b89d2c31323434322c300101001d01002c0100040000,61,开启后可获得：名将--少·献帝
583,少·孙权,unsupported_resource_type_12,,,0,0,[],0c010d01010e010013e5b091c2b7e5ad99e69d832c31323434312c300101001d01002c0100040000,61,开启后可获得：名将--少·孙权
584,少·刘备,unsupported_resource_type_12,,,0,0,[],0c010d01010e010013e5b091c2b7e58898e5a4872c31323433362c300101001d01002c0100020000,61,开启后可获得：名将--少·刘备
585,少·曹操,unsupported_resource_type_12,,,0,0,[],0c010d01010e010013e5b091c2b7e69bb9e6938d2c31323433302c300101001d01002c0100020000,61,开启后可获得：名将--少·曹操
586,少·关羽,unsupported_resource_type_12,,,0,0,[],0c010d01010e010013e5b091c2b7e585b3e7bebd2c31323433342c300101001d01002c0100020000,61,开启后可获得：名将--少·关羽
597,一箱银币,unsupported_section_42,,,0,0,[],2a02000000080000000400000000,35,"满满一箱银币,赏赐属下加8忠诚,赠送敌方降4忠诚"
632,少·赵云,unsupported_resource_type_12,,,0,0,[],0c010d01010e010013e5b091c2b7e8b5b5e4ba912c31323434372c300101001d01002c0100020000,61,开启后可获得：名将--少·赵云
633,少·吕布,unsupported_resource_type_12,,,0,0,[],0c010d01010e010013e5b091c2b7e59095e5b8832c31323433382c300101001d01002d0100020000,61,开启后可获得：名将--少·吕布
634,少·张飞,unsupported_resource_type_12,,,0,0,[],0c010d01010e010013e5b091c2b7e5bca0e9a39e2c31323434362c300101001d01002d0100020000,61,开启后可获得：名将--少·张飞
635,少·马超,unsupported_resource_type_12,,,0,0,[],0c010d01010e010013e5b091c2b7e9a9ace8b6852c31323433392c300101001d01002d0100020000,61,开启后可获得：名将--少·马超
647,少·黄忠,unsupported_resource_type_12,,,0,0,[],0c010d01010e010013e5b091c2b7e9bb84e5bfa02c31323433352c300101001d01002d0100010000,61,开启后可获得：名将--少·黄忠
648,少·徐庶,unsupported_resource_type_12,,,0,0,[],0c010d01010e010013e5b091c2b7e5be90e5bab62c31323434342c300101001d01002e0100000000,61,开启后可获得：名将--少·徐庶
649,少·诸葛,unsupported_resource_type_12,,,0,0,[],0c010d01010e010013e5b091c2b7e8afb8e8919b2c31323434392c300101001d01002e0100040000,61,开启后可获得：名将--少·诸葛
650,少·陆逊,unsupported_resource_type_12,,,0,0,[],0c010d01010e010013e5b091c2b7e99986e9808a2c31323433372c300101001d01002e0100000000,61,开启后可获得：名将--少·陆逊
651,少·庞统,unsupported_resource_type_12,,,0,0,[],0c010d01010e010013e5b091c2b7e5ba9ee7bb9f2c31323434302c300101001d01002e0100000000,61,开启后可获得：名将--少·庞统
652,少·荀彧,unsupported_resource_type_12,,,0,0,[],0c010d01010e010013e5b091c2b7e88d80e5bda72c31323434352c300101001d01002e0100040000,61,开启后可获得：名将--少·荀彧
653,少·董卓,unsupported_resource_type_12,,,0,0,[],0c010d01010e010013e5b091c2b7e891a3e58d932c31323433332c300101001d01002f0100020000,61,开启后可获得：名将--少·董卓
654,少·周瑜,unsupported_resource_type_12,,,0,0,[],0c010d01010e010013e5b091c2b7e591a8e7919c2c31323434382c300101001d01002f0100040000,61,开启后可获得：名将--少·周瑜
655,少·貂蝉,unsupported_resource_type_12,,,0,0,[],0c010d01010e010013e5b091c2b7e8b282e89d892c31323433322c300101001d01002f0100040000,61,开启后可获得：名将--少·貂蝉
656,少·大乔,unsupported_resource_type_12,,,0,0,[],0c010d01010e010013e5b091c2b7e5a4a7e4b9942c31323433312c300101001d01002f0100010000,61,开启后可获得：名将--少·大乔
657,少·小乔,unsupported_resource_type_12,,,0,0,[],0c010d01010e010013e5b091c2b7e5b08fe4b9942c31323434332c300101001d01002f0100010000,61,开启后可获得：名将--少·小乔
661,尊·曹操,unsupported_resource_type_12,,,0,0,[],0c010d01010e010013e5b08ac2b7e69bb9e6938d2c31323530342c340101001e0100330100020000,61,开启后可获得：名将--尊·曹操
662,尊·大乔,unsupported_resource_type_12,,,0,0,[],0c010d01010e010013e5b08ac2b7e5a4a7e4b9942c31323530352c330101001e0100310100010000,61,开启后可获得：名将--尊·大乔
663,尊·貂蝉,unsupported_resource_type_12,,,0,0,[],0c010d01010e010013e5b08ac2b7e8b282e89d892c31323530362c310101001e0100310100040000,61,开启后可获得：名将--尊·貂蝉
664,尊·董卓,unsupported_resource_type_12,,,0,0,[],0c010d01010e010013e5b08ac2b7e891a3e58d932c31323530372c340101001e0100310100020000,61,开启后可获得：名将--尊·董卓
665,尊·关羽,unsupported_resource_type_12,,,0,0,[],0c010d01010e010013e5b08ac2b7e585b3e7bebd2c31323530382c340101001e0100330100020000,61,开启后可获得：名将--尊·关羽
666,尊·黄忠,unsupported_resource_type_12,,,0,0,[],0c010d01010e010013e5b08ac2b7e9bb84e5bfa02c31323530392c330101001e0100320100010000,61,开启后可获得：名将--尊·黄忠
667,尊·刘备,unsupported_resource_type_12,,,0,0,[],0c010d01010e010013e5b08ac2b7e58898e5a4872c31323531302c340101001e0100330100020000,61,开启后可获得：名将--尊·刘备
668,尊·陆逊,unsupported_resource_type_12,,,0,0,[],0c010d01010e010013e5b08ac2b7e99986e9808a2c31323531312c320101001e0100300100000000,61,开启后可获得：名将--尊·陆逊
669,尊·吕布,unsupported_resource_type_12,,,0,0,[],0c010d01010e010013e5b08ac2b7e59095e5b8832c31323531322c340101001e0100320100020000,61,开启后可获得：名将--尊·吕布
670,尊·马超,unsupported_resource_type_12,,,0,0,[],0c010d01010e010013e5b08ac2b7e9a9ace8b6852c31323531332c340101001e0100320100020000,61,开启后可获得：名将--尊·马超
671,尊·庞统,unsupported_resource_type_12,,,0,0,[],0c010d01010e010013e5b08ac2b7e5ba9ee7bb9f2c31323531342c320101001e0100350100000000,61,开启后可获得：名将--尊·庞统
672,尊·司马懿,unsupported_resource_type_12,,,0,0,[],0c010d01010e010016e5b08ac2b7e58fb8e9a9ace687bf2c31323531352c340101001e0100330100020000,64,开启后可获得：名将--尊·司马懿
673,尊·孙权,unsupported_resource_type_12,,,0,0,[],0c010d01010e010013e5b08ac2b7e5ad99e69d832c31323531362c310101001e0100330100040000,61,开启后可获得：名将--尊·孙权
674,尊·献帝,unsupported_resource_type_12,,,0,0,[],0c010d01010e010013e5b08ac2b7e78caee5b89d2c31323531372c310101001e0100340100040000,61,开启后可获得：名将--尊·献帝
675,尊·小乔,unsupported_resource_type_12,,,0,0,[],0c010d01010e010013e5b08ac2b7e5b08fe4b9942c31323531382c330101001e0100310100010000,61,开启后可获得：名将--尊·小乔
676,尊·徐庶,unsupported_resource_type_12,,,0,0,[],0c010d01010e010013e5b08ac2b7e5be90e5bab62c31323531392c320101001e0100350100000000,61,开启后可获得：名将--尊·徐庶
677,尊·荀彧,unsupported_resource_type_12,,,0,0,[],0c010d01010e010013e5b08ac2b7e88d80e5bda72c31323532302c310101001e0100350100040000,61,开启后可获得：名将--尊·荀彧
678,尊·袁绍,unsupported_resource_type_12,,,0,0,[],0c010d01010e010013e5b08ac2b7e8a281e7bb8d2c31323532312c310101001e0100350100040000,61,开启后可获得：名将--尊·袁绍
679,尊·张飞,unsupported_resource_type_12,,,0,0,[],0c010d01010e010013e5b08ac2b7e5bca0e9a39e2c31323532322c340101001e0100320100020000,61,开启后可获得：名将--尊·张飞
680,尊·赵云,unsupported_resource_type_12,,,0,0,[],0c010d01010e010013e5b08ac2b7e8b5b5e4ba912c31323532332c340101001e0100330100020000,61,开启后可获得：名将--尊·赵云
681,尊·周瑜,unsupported_resource_type_12,,,0,0,[],0c010d01010e010013e5b08ac2b7e591a8e7919c2c31323532342c310101001e0100310100040000,61,开启后可获得：名将--尊·周瑜
682,尊·诸葛亮,unsupported_resource_type_12,,,0,0,[],0c010d01010e010016e5b08ac2b7e8afb8e8919be4baae2c31323532352c310101001e0100300100040000,64,开启后可获得：名将--尊·诸葛亮
689,张既,unsupported_resource_type_12,,,0,0,[],0c010d01010e01000ee5bca0e697a22c31323535362c300101001f01000b0100020000,56,开启后可获得：将领--张既
690,陈到,unsupported_resource_type_12,,,0,0,[],0c010d01010e01000ee99988e588b02c31323535372c300101001f0100080100010000,56,开启后可获得：将领--陈到
691,卫臻,unsupported_resource_type_12,,,0,0,[],0c010d01010e01000ee58dabe887bb2c31323535382c300101001f0100090100000000,56,开启后可获得：将领--卫臻
692,王昶,unsupported_resource_type_12,,,0,0,[],0c010d01010e01000ee78e8be698b62c31323535392c300101001f01000a0100040000,56,开启后可获得：将领--王昶
693,刘勋,unsupported_resource_type_12,,,0,0,[],0c010d01010e01000ee58898e58b8b2c31323536302c30010100200100070100020000,56,开启后可获得：将领--刘勋
694,何苗,unsupported_resource_type_12,,,0,0,[],0c010d01010e01000ee4bd95e88b972c31323536312c30010100200100040100010000,56,开启后可获得：将领--何苗
695,罗宪,unsupported_resource_type_12,,,0,0,[],0c010d01010e01000ee7bd97e5aeaa2c31323536322c30010100200100050100000000,56,开启后可获得：将领--罗宪
696,田豫,unsupported_resource_type_12,,,0,0,[],0c010d01010e01000ee794b0e8b1ab2c31323536332c30010100200100060100040000,56,开启后可获得：将领--田豫
697,禧·鲍三娘,unsupported_resource_type_12,,,0,0,[],0c010d01010e010016e7a6a7c2b7e9b28de4b889e5a8982c31323536342c360101001e0100330100020000,64,开启后可获得：名将--禧·鲍三娘
698,禧·黄舞蝶,unsupported_resource_type_12,,,0,0,[],0c010d01010e010016e7a6a7c2b7e9bb84e8889ee89db62c31323536352c360101001e0100320100010000,64,开启后可获得：名将--禧·黄舞蝶
699,禧·步练师,unsupported_resource_type_12,,,0,0,[],0c010d01010e010016e7a6a7c2b7e6ada5e7bb83e5b8882c31323536362c360101001e0100310100040000,64,开启后可获得：名将--禧·步练师
700,禧·花鬘,unsupported_resource_type_12,,,0,0,[],0c010d01010e010013e7a6a7c2b7e88ab1e9ac982c31323536372c360101001e0100350100000000,61,开启后可获得：名将--禧·花鬘
701,30两银票,parsed_full,白银*30,,1,0,[],0000,29,开启后可获取30两白银.
702,40两银票,parsed_full,白银*40,,1,0,[],0000,29,开启后可获取40两白银
703,60两银票,parsed_full,白银*60,,1,0,[],0000,29,开启后可获取60两白银
704,70两银票,parsed_full,白银*70,,1,0,[],0000,29,开启后可获取70两白银
705,80两银票,parsed_full,白银*80,,1,0,[],0000,29,开启后可获取80两白银
706,90两银票,parsed_full,白银*90,,1,0,[],0000,29,开启后可获取90两白银
707,尊·帝王,unsupported_resource_type_12,,,0,0,[],0c010d01010e010013e5b08ac2b7e5b89de78e8b2c31323630382c370101001e0100340100020000,61,开启后可获得：名将--尊·帝王
708,尊·刘表,unsupported_resource_type_12,,,0,0,[],0c010d01010e010013e5b08ac2b7e58898e8a1a82c31323630392c340101001e0100300100020000,61,开启后可获得：名将--尊·刘表
711,君王称号宝箱,unsupported_resource_type_16,,,0,0,[],1000023532000000,29,打开可获得君王称号！
712,尊·武帝,unsupported_resource_type_12,,,0,0,[],0c010d01010e010013e5b08ac2b7e6ada6e5b89d2c31323633332c380101001e0100360100010000,61,开启后可获得：名将--尊·武帝
713,尊·南华老仙,unsupported_resource_type_12,,,0,0,[],0c010d01010e010019e5b08ac2b7e58d97e58d8ee88081e4bb992c31323633322c310101001e0100300100040000,67,开启后可获得：名将--尊·南华老仙
715,太师称号宝箱,unsupported_resource_type_16,,,0,0,[],1000023537000000,29,打开可获得太师称号！
716,策士称号宝箱,unsupported_resource_type_16,,,0,0,[],1000023533000000,29,打开可获得策士称号！
717,虎贲称号宝箱,unsupported_resource_type_16,,,0,0,[],1000023534000000,29,打开可获得虎贲称号！
718,飞骑称号宝箱,unsupported_resource_type_16,,,0,0,[],1000023535000000,29,打开可获得飞骑称号！
719,明公称号宝箱,unsupported_resource_type_16,,,0,0,[],1000023536000000,29,打开可获得明公称号！
723,尊·文帝,unsupported_resource_type_12,,,0,0,[],0c010d01010e010013e5b08ac2b7e69687e5b89d2c31323931302c380101001e0100370100000000,61,开启后可获得：名将--尊·文帝
724,阎行,unsupported_resource_type_12,,,0,0,[],0c010d01010e01000ee9988ee8a18c2c31323931312c30010100200100060100010000,56,开启后可获得：将领--阎行
725,李进,unsupported_resource_type_12,,,0,0,[],0c010d01010e01000ee69d8ee8bf9b2c31323931332c300101001f01000a0100010000,56,开启后可获得：将领--李进
726,师纂,unsupported_resource_type_12,,,0,0,[],0c010d01010e01000ee5b888e7ba822c31323931322c30010100200100070100040000,56,开启后可获得：将领--师纂
727,诸葛尚,unsupported_resource_type_12,,,0,0,[],0c010d01010e010011e8afb8e8919be5b09a2c31323931342c300101001f01000b0100040000,59,开启后可获得：将领--诸葛尚
736,谋略值礼包,unsupported_resource_type_17,,,0,0,[],1100000064000000,29,开启后可获得:100谋略值
737,强盾称号宝箱,unsupported_resource_type_16,,,0,0,[],1000023539000000,29,打开可获得强盾称号！
738,迅影称号宝箱,unsupported_resource_type_16,,,0,0,[],1000023630000000,29,打开可获得迅影称号！
739,糖果,parsed_full,,冰玉(119)*1 / 仙芝(123)*1 / 完整藏宝图(410)*1 / 将印(709)*1 / 初级行军符(76)*1 / 玉石(399)*10,0,6,"[{""section_type"": 1, ""count"": 6}]",00,50,开启后可获得：冰玉*1、仙芝*1、完整藏宝图*1、将印*1、初级行军符*1、玉石*10
740,粽子,parsed_full,,冰玉(119)*1 / 仙芝(123)*1 / 完整藏宝图(410)*1 / 将印(709)*1 / 初级行军符(76)*1 / 玉石(399)*10,0,6,"[{""section_type"": 1, ""count"": 6}]",00,50,开启后可获得：冰玉*1、仙芝*1、完整藏宝图*1、将印*1、初级行军符*1、玉石*10
741,西瓜,parsed_full,,冰玉(119)*1 / 仙芝(123)*1 / 完整藏宝图(410)*1 / 将印(709)*1 / 初级行军符(76)*1 / 玉石(399)*10,0,6,"[{""section_type"": 1, ""count"": 6}]",00,50,开启后可获得：冰玉*1、仙芝*1、完整藏宝图*1、将印*1、初级行军符*1、玉石*10
742,饺子,parsed_full,,冰玉(119)*1 / 仙芝(123)*1 / 完整藏宝图(410)*1 / 将印(709)*1 / 初级行军符(76)*1 / 玉石(399)*10,0,6,"[{""section_type"": 1, ""count"": 6}]",00,50,开启后可获得：冰玉*1、仙芝*1、完整藏宝图*1、将印*1、初级行军符*1、玉石*10
743,城池碎片礼包,unsupported_resource_type_18,,,0,0,[],12000003e8000000,29,开启后可获得：1000个城池碎片
745,虎痴称号宝箱,unsupported_resource_type_16,,,0,0,[],1000023632000000,29,打开可获得虎痴称号！
746,鬼才称号宝箱,unsupported_resource_type_16,,,0,0,[],1000023633000000,29,打开可获得鬼才称号！
747,玄·女君,unsupported_resource_type_12,,,0,0,[],0c010d01010e010013e78e84c2b7e5a5b3e5909b2c31333232302c390101001e0100340100040000,61,开启后可获得：名将--玄·女君
748,玄·女帝,unsupported_resource_type_12,,,0,0,[],0c010d01010e010013e78e84c2b7e5a5b3e5b89d2c31333232312c390101001e0100360100010000,61,开启后可获得：名将--玄·女帝
749,玄·巧圣,unsupported_resource_type_12,,,0,0,[],0c010d01010e010013e78e84c2b7e5b7a7e59ca32c31333232322c390101001e0100340100020000,61,开启后可获得：名将--玄·巧圣
750,玄·君侯,unsupported_resource_type_12,,,0,0,[],0c010d01010e010013e78e84c2b7e5909be4beaf2c31333232332c390101001e0100380100000000,61,开启后可获得：名将--玄·君侯
751,玄·武威,unsupported_resource_type_12,,,0,0,[],0c010d01010e010013e78e84c2b7e6ada6e5a8812c31333232342c390101001e0100340100000000,61,开启后可获得：名将--玄·武威
753,夺旗宝箱,unsupported_resource_type_4,,,0,0,[],04010a0101021401fd320014016a010064016b010064024101006402ab01006401830101f4006601032000410101f400430101f4024001012c0161010320016001032002ca0101f400150101f402c601,130,参与夺旗有机会获得，打开宝箱可随机获得一种奖励。#probability#开启的道具概率如下：\n增益性道具	48.80%\n功能性道具	27.00%\n资产类道具	24.00%\n任务道具	0.20%
754,老友称号宝箱,unsupported_resource_type_16,,,0,0,[],1000023634000000,29,打开可获得老友称号！该称号宝箱不支持转移至其他君主。
755,仁帅称号宝箱,unsupported_resource_type_16,,,0,0,[],1000023635000000,29,打开可获得仁帅称号！
756,雄主称号宝箱,unsupported_resource_type_16,,,0,0,[],1000023636000000,29,打开可获得雄主称号！
