seq,campaign,stage,title,enemy_summary,enemy_total,scene_files,scene_exists_count,scene_missing_count,missing_scene_files,total_command_count,total_string_count,actor_candidates,dialogue_preview
1,1,1,奉诏讨贼,民兵*300/民兵*300,600,1-1-1.sc/1-1-2.sc/1-1-3.sc,3,0,,67,14,斥候 / 山贼贼寇,东汉末年，山贼祸乱于世，战火四起，震惊朝野 | 一日，朝中遣使来访—— | 御  使：圣旨到—— | 奉天承运 皇帝诏曰<br/>近日山贼党四处作乱 此社稷之大害<br/>朕命卿克日出兵平乱 钦此 | 皇上命我起兵，现万事俱备，唯兵粮迟迟未到…… || 大胆贼寇！胆敢打劫军粮！ || 快说！你们把粮草劫到哪去了！ | 给我追！
2,1,2,追击贼匪,民兵*320/民兵*500/民兵*320,1140,1-2-1.sc/1-2-3.sc,2,0,,35,6,,斥  候：山贼将粮草运入山寨了，我得速速禀报将军。 | 斥  候：报告将军，前面发现贼寇山寨，我军粮草已被贼党送入寨中！ | 正好将其一网打尽！立刻进攻！ || 哼！不堪一击！ | 山贼：不好！有人闯寨！快去报告孙仲大人！ | 随我灭进去！消灭山贼！
3,1,3,山贼营寨,轻骑*500/轻步*400/轻步*400/民兵*350/民兵*350,2000,1-3-1.sc/1-3-2.sc/1-3-3.sc,3,0,,60,18,孙仲 / 曹操 / 夏侯渊 / 斥候,山  贼：报！有一批官兵突破山寨口，正要灭上来！ | 孙  仲：什么！兄弟们集合！我们一起灭退官兵！ || 逆贼！敢抢军粮！ | 孙 仲：废话少说！看招！ | 曹  操：将军，我来助你一臂之力！ | 是曹将军！太好了，我们一同破敌！ || 曹  操：将军此战损失惨重，我拨一些军士给你。 | 谢曹将军！ | 后会有期！ | 斥  候：报！在敌方首领身上搜出密信一封。请过目！ | 山贼竟然密谋数日内攻打洛阳！我们得尽快去协防！
4,2,1,宦官乱政,轻步*240/轻步*240,480,2-1-1.sc/2-1-3.sc,2,0,,77,20,何进 / 袁绍 / 御林军 / 董卓 / 少帝,袁  绍：何将军，以张让赵忠为首的宦官祸乱朝廷已久，为何不除掉他们？ | 何  进：我正有此意，奈何他们有太后包庇。我已召董卓进京助我清剿十常侍。 | 御林军：何将军！太后召您进殿议事。 | 袁  绍：恐怕是张让他们要谋害将军，千万不要去啊。 | 何  进：不要惊慌，我是大将军，手握天下兵马，他们敢对我如何？ || 糟了，张让竟劫走了皇上！ | 袁  绍：不好了！快去救驾！ | 袁  绍：来者何人？ | 董  卓：西凉董卓。张让已被我灭了，现在护送圣驾回宫。 | 董  卓：让道！
5,1,4,守卫洛阳,轻步*12000/轻骑*3000/重骑*1800,16800,1-4-1.sc/1-4-2.sc/1-4-3.sc,3,0,,61,25,刘备 / 关羽 / 张飞 / 孙坚 / 曹操 / 山贼,来人啊！ | 洛阳即将遭到山贼的攻击。立刻整顿军队，前往援助！ | 步  兵：遵命！ || 诸位将军！我来助你们！ | 曹  操：援军来了！贼军势大，但终究是乌合之众！我们齐心攻破他们的阵型！ || 张  飞：灭的真痛快！ | 曹  操：真是一场硬仗啊。 | 关  羽：恐怕这只是敌人的先锋军，我们须得转守为攻，主动消灭各山贼势力才是。 | 刘  备：云长说的不错。 | 曹  操：事不宜迟，诸位请立即与我面奏圣上！
6,1,5,涿郡遇贼,轻骑*200/民兵*400/民兵*400,1000,1-5-1.sc/1-5-3.sc,2,0,,60,12,刘备 / 关羽 / 张飞,洛阳一战之后，贼党似乎销声匿迹了 | 骑  兵：是啊，我们巡查多日却一无所获 | 站住！你们是什么人？ | 大人，我们是涿郡居民，山贼来犯，我们趁乱逃了出来… | 将士们！山贼现在在涿郡作乱，我们灭过去！ || 自作孽，不可活！ | 刘  备：听闻将军在此与山贼大战，玄德特来助阵。 | 哈哈，玄德兄来迟了一步，山贼已被消灭了，现在随我入城安民吧 | 刘  备：将军作战雷厉风行，玄德佩服。
7,1,6,青州解围,轻步*250/民兵*400/民兵*400/民兵*400,1450,1-6-1.sc/1-6-2.sc/1-6-3.sc,3,0,,48,12,刘备 / 关羽 / 张飞,报！青州城遭山贼围攻，恳请将军速速前往救援！ | 知道了，下去吧。 | 看来得烦请玄德兄安抚涿郡百姓了。 | 刘  备：将军请安心。 | 好，我这就动身前往青州，就此告辞 || 将士们！前面就是青州城。 || 众将士辛苦了！青州城解围了！ | 胜利！胜利！... | 连日征战，将士们都辛苦了！我们进城去好好休息一番！养好了精神，我们继续和山贼党一较高下！
8,1,7,宛城对决,轻骑*250/民兵*500/民兵*500/民兵*500,1750,1-7-1.sc/1-7-2.sc/1-7-3.sc,3,0,,83,14,张曼成,此山贼将领名叫张曼成，非常骁勇，我军兵力少，不可力敌。宛城粮仓就在不远处，防守薄弱，是个不错的目标。 | 将士们！跟我去攻打粮仓！ | 不好了！粮仓遭创了！ | 张曼成：什么！太可恶了！立即出城灭敌！ | 贼军听闻粮仓被烧，必然出城！现派几名军士伪装成山贼，诱骗敌军到城外树林中，伏兵灭之！ || 张曼成：不好！遭埋伏了！ | 贼党！今天就是你们的死期！ || 张曼成率领的贼党已经被消灭了！大家现在随我攻城！剿灭城里的山贼乱党！
9,1,8,攻打宛城,弓兵*260/民兵*400/民兵*400/民兵*400/民兵*400,1860,1-8-1.sc/1-8-3.sc,2,0,,33,10,,山 贼：大家死守住宛城啊！与敌人决一死战！ | 将士们！趁胜追击！夺回宛城！ | 灭啊！ || 今日大破宛城！传令犒赏三军！ | 是！ | 信  使：皇甫嵩将军与贼军首领张宝张梁战于曲阳，苦战多日，听说您屡战屡胜，特来请求支援。 | 既如此，请回命皇甫将军，我将出兵支援！ | 信  使：谢将军！
10,1,9,救援曲阳,重骑兵*600/轻步兵*500/重骑兵*600/民兵*800/民兵*800,3300,1-9-1.sc/1-9-3.sc,2,0,,40,16,皇甫嵩 / 程远志 / 韩忠 / 赵弘,皇甫将军！某前来助阵！ | 天助我也！今天必破山贼！ | 糟！敌人援军来了！大家先撤！ | 贼将休跑！ || 皇甫嵩：将军及时驰援，感激不尽。 | 皇甫将军言重了，现在情况如何？ | 皇甫嵩：张宝张梁龟缩城中，得知三员大将被斩，恐怕会撤退。我们应趁势追击，斩草除根！ | 将军所言甚是！
11,1,10,曲阳退敌,重骑兵*300/重骑兵*300/民兵*4950,5550,1-10-1.sc/1-10-2.sc/1-10-3.sc,3,0,,87,19,张梁 / 张宝 / 皇甫嵩,张  宝：不好！看来敌军很强！ | 张  梁：那就施本教秘术！看他如何破！ | 活捉张梁张宝者，重重有赏！ | 冲啊！！！ || 皇甫嵩：敌军使用妖法！ | 我来助将军破法！ || 张  宝：不好！支撑不下去了，我们快撤！ | 张  梁：撤，留得青山在，不怕没柴烧！ | 哼！给我追！ | 报！朱儁在广宗与张角作战失利，皇上派遣将军前去支援！ | 好！进军广宗！消灭张角！
12,1,11,增援广宗,重骑兵*400/民兵*500/民兵*500/民兵*500/民兵*500,2400,1-11-1.sc/1-11-3.sc,2,0,,74,12,朱儁 / 张角,朱  儁：可恶张角，居然如此难缠！ | 朱将军！我来助你！ | 朱  儁：援军到了！全体奋力向前！灭！ | 张  角：来再多我也不放在眼里！ || 差一点就能活捉张角了！ | 御  使：圣旨到！ | 御  使：奉天承运，皇帝诏曰，朱儁屡战不胜，现命你即刻回朝复命！ | 朱  儁：……领命！ | 山贼敌军必会反扑，命三军时刻戒备！
13,,,广宗决战,重骑兵*1050/民兵*2250,3300,,0,0,,0,0,,
14,2,2,刺灭董卓,轻步*300/轻步*300,600,2-2-1.sc/2-2-2.sc/2-2-3.sc,3,0,,42,21,卢植 / 袁绍 / 王允 / 董卓 / 侍卫 / 吕布,袁  绍：董卓居然乱行废立之事！大逆不道，其心可诛！ | 王  允：可惜现在董卓手握重权，实在难以下手，唉。 | 董卓与我曾有一面之缘，或可寻机刺灭他。 | 王  允：将军有此救国之心，必将名垂青史！ | 看我把董卓的头颅带来！ || 董  卓：你是—— | 董太师别来无恙啊？ | 董  卓：原来是你。来此何事？ | 诛灭窃国逆贼！ | 董  卓：来人啊——有刺客！ || 董  卓：我儿奉先何在？！ | 温侯吕布果然名不虚传，留得青山在不愁没柴烧，撤！ | 董  卓：快给我追！！
15,2,3,逃离洛阳,轻骑*240/轻骑*180/轻骑*180,600,2-3-1.sc/2-3-3.sc,2,0,,41,6,,追  兵：你们插翅难飞！快快束手就擒！ | 哼！只是一小股追兵！弟兄们！干掉他们！ || 消灭了这支追兵，我们有些喘息的时间了，但此地不宜久留。 | 将军要去往哪里？ | 我想回归乡里，募集有志之士，共同讨伐国贼董卓 | 我等愿意誓死跟随！
16,2,4,进军汜水关,轻步*260/轻步*260/轻步*260,780,2-4-1.sc/2-4-3.sc,2,0,,61,18,袁绍 / 孙坚 / 公孙瓒 / 袁术 / 曹操 / 刘焉 / 韩馥 / 陶谦 / 孔伷,听闻十八路诸侯骑兵讨伐董卓，我特来投奔！ | 袁  绍：欢迎至极！ | 袁  绍：前面是汜水关，未知守军虚实，你可以前去打探一下。 | 在下领命！ | 什么人？有人闯关！快去通报！ || 敌军已经得知诸侯来到，汜水关守军众多，极难通过。 | 袁  绍：既然如此，先在汜水关外扎营，做作战准备。 | 袁  绍：各位诸侯行军疲惫，先在汜水关前扎营，以做战斗准备！
17,2,5,营地攻防战,轻骑*240/轻步*360/轻步*360,960,2-5-1.sc/2-5-3.sc,2,0,,42,11,华雄 / 胡轸 / 斥候,华雄：以袁绍为首的十八路诸侯聚集在汜水关前，你们给我去试探虚实！ | 胡轸：是！在下遵命！ | 来者何人？ | 胡轸：某乃胡轸，前来取你小命！ || 斥  候：报，华将军！胡将军和敌军大战，不幸阵亡！ | 华雄：真是靠不住的家伙！看来我要亲自出马。 | 华  雄：上
18,2,6,征讨华雄,轻骑*150/弩兵*200/轻骑*150/轻步*360,860,2-6-1.sc/2-6-3.sc,2,0,,73,24,华雄 / 袁绍 / 孙坚 / 俞涉 / 曹操 / 潘凤 / 刘备 / 关羽 / 张飞,华  雄：“鼠辈们，谁敢和华某较量？” | 袁  绍：敌军气焰很嚣张，谁敢去应战 | 俞  涉：小将愿往！ | 袁  绍：不好！俞涉被斩了！ | 潘  凤：让潘某前去报仇！ || 此战大获全胜，士气极盛！现在是进攻的好时机！ | 全军进攻！
19,2,7,击破汜水关,轻步*400/弩兵*400/轻步*400/弩兵*400,1600,2-7-1.sc/2-7-3.sc,2,0,,28,16,袁绍 / 曹操 / 张飞 / 刘备 / 关羽,袁  绍：进攻！把汜水关给我攻下来！ | 我来打头阵！ | 大家死守住汜水关！击退来军！ || 袁  绍：汜水关已经攻破！但董贼往虎牢关方向逃去！望诸位不辞辛苦，追击董贼！ | 曹  操：董贼擅自废立，颠覆朝纲，导致民怨连天！现在联军攻下了汜水关，士气正盛，可以趁势追击！ | 刘  备：为汉室社稷，我等在所不辞！
20,2,8,兵进虎牢关,重骑兵*150/重骑兵*150/轻步*400/轻步*400,1100,2-8-1.sc/2-8-3.sc,2,0,,85,23,袁绍 / 公孙赞 / 袁术 / 曹操 / 孙坚 / 关羽 / 刘备 / 张飞,报！四面发现董卓军队拦截，我军已被围住！ | 袁  绍：这可如何是好…… | 曹  操：不要惊慌，这些军队杂乱无章，没有多大的战斗力，只要逐个击破就行了。 | 袁  绍：孟德说的有道理，传我军令，四面突围！ | 领命，小将先行一步！ || 董贼的拦截军已经被消灭殆尽了。 | 袁  绍：如此甚好，全军前进！
21,2,9,虎牢拉锯战,重步兵*150/弩兵*200/轻步*420/弩兵*200,970,2-9-1.sc/2-9-3.sc,2,0,,93,24,袁绍 / 公孙赞 / 袁术 / 曹操 / 孙坚 / 关羽 / 刘备 / 张飞 / 樊稠,来军止步！为何要反抗朝廷！ | 袁  绍：董卓玩弄专权，擅自废立，天下人都知道他意图簒逆！我们特来消灭国贼！ | 废话少说！看我取你性命！ | 量你鼠辈，也敢与我交战！ || 袁绍：来的都是无名小卒，我军屡战屡胜！现在已经逼近虎牢关了，应该一鼓作气，将虎牢关拿下！只要破了虎牢关，洛阳就近在眼前！ | 曹  操：擒拿董卓之日不远了！ | 继续行军！
22,2,10,人中吕布,重骑兵*400/重骑兵*400/轻步*450/轻步*450/铁骑兵*500,2200,2-10-1.sc/2-10-3.sc,2,0,,83,20,关羽 / 公孙瓒 / 刘备 / 张飞 / 袁绍 / 孙坚 / 曹操 / 袁术 / 吕布,吕  布：哼！你们这群乌合之众，我灭你们就像捏死蚂蚁一样容易，今天老子网开一面，你们现在回头还来得及。 | 公孙瓒：小子也敢说大话！看招！ | 公孙瓒：好强！我先撤退！ | 张  飞：三姓家奴！我来取你性命！ | 关  羽：三弟当心！我来助战！ || 袁  绍：吕布败退了！联军冲灭啊！把虎牢关给我拿下！
23,2,11,攻破虎牢关,重骑兵*320/弩车*100/轻步*300/轻步*300/轻步*300,1320,2-11-1.sc/2-11-3.sc,2,0,,40,18,袁绍 / 孙坚 / 曹操 / 刘备 / 关羽 / 张飞 / 将领,袁  绍：攻城车准备！上前去！把虎牢关的门给我撞开！ | 大家守住虎牢关！不要让敌人通过！ | 袁  绍：有阻击的敌军！ | 我去解决掉他们！ || 袁  绍：虎牢关已经攻下了！董贼逃到了洛阳！诸位都辛苦多日，就在关上先休息一夜，明早即刻出发前往洛阳！ | 曹  操：不可啊！若董卓逃亡洛阳，必定有所行动，此时不前往追击，再后就来不及了。 | 袁  绍：孟德多虑了，洛阳就在眼前，董卓已是瓮中之鳖，擒住他是迟早的事。我军连日征战，已经疲惫不堪了，再勿多言了。 | 曹  操：唉！竖子不足与谋！ | 待我前去拿下董贼的狗头！
24,,,董卓追击战,铁骑兵*200/重骑兵*600/强弩兵*360,1160,,0,0,,0,0,,
25,3,1,函谷关伏兵,轻步兵*400/轻步兵*400/轻步兵*400/重步兵*320/重步兵*320,1840,3-1-1.sc/3-1-3.sc,2,0,,40,6,,函谷关就在前面了，这是到达长安的第一道屏障，要尽力攻打下来！ | 不好！有伏兵！准备战斗！ | 消灭他们！ || 接二连三的伏兵消耗了太多兵力，要拿下函谷关只能用智取了。 | 将军有什么良策？ | 待我先好好巡视一下函谷关的地形。
26,3,2,诱敌之计,轻骑兵*420/强弩兵*200/重步兵*320/重骑兵*160/重骑兵*160,1260,3-2-1.sc/3-2-3.sc,2,0,,54,11,,报！敌军在二十里外扎营！似乎要做长期作战！ | 守住函谷关是重要任务，趁现在他们还未扎稳脚跟，立刻出击！ | 那将军的意思是？ | 长期作战所需要的是粮草，没有粮草，敌军就坚持不了多久。敌军现在粮草在何处？ | 就在离敌方营寨十里的山谷中。 || 敌方的主力已经全歼了，虽然损失了粮草，但是只要攻下函谷关，关内的粮草就都是我们的了！ | 大家一鼓作气！把函谷关拿下！
27,3,3,踏破函谷关,轻步兵*800/轻步兵*800/强弩兵*250/重步兵*250/重步兵*250,2350,3-3-1.sc/3-3-3.sc,2,0,,40,5,,进攻的时候到了！守关的主力军已经被我们消灭了！现在给我一举拿下函谷关！ | 冲啊！攻下函谷关！ | 一定要守住函谷关！ || 士  兵：我们攻下函谷关啦！关内的军备和粮草尽为我们所用了！ | 我们先入关休息！明日继续前进！进攻潼关！攻入长安！营救献帝！
28,3,4,潼关苦战,铁骑兵*120/铁骑兵*120/重骑兵*180/重骑兵*180/重骑兵*180,780,3-4-1.sc/3-4-3.sc,2,0,,32,5,,你们是什么人？ | 重骑兵：我乃潼关守将，奉命前来消灭逆贼！ || 好一场恶战，西凉骑兵果然名不虚传，损失了我好多兵力。 | 将军要不要暂回函谷关去补充兵力？ | 那就暂且先撤军。
29,3,5,抢夺潼关,轻骑兵*750/强弩兵*300/轻步兵*700/重步兵*180/重步兵*180,2110,3-5-1.sc/3-5-3.sc,2,0,,41,8,,该死的潼关，让我损失了许多兵力！这次我一定要把潼关给攻下来！ | 大家提起十二万分的精神来！今天势必攻破潼关！ | 将军放心！今日誓死攻下潼关！ | 很好！大家有决心！攻破了潼关，我们就可以营救皇上！为大汉出一份力！ | 万岁万岁！ || 我们攻下潼关了！长安就在眼前！ | 接下来我要整顿军马！为营救皇上做准备！大家跟我入关去！
30,3,6,巧施离间计,重步兵*400/强弩兵*300/轻步兵*500/轻步兵*500/重骑兵*500,2200,3-6-1.sc/3-6-3.sc,2,0,,42,8,,董卓已死，但长安的残余势力还很多，须设法分化他们，然后逐一击破 | 将军有何打算？ | 我意使离间计，我们假扮成张济部下，进攻郭汜军，现在就准备。 | 好了，记住，你们现在都是张济手下的军队！ | 是！ || 哈哈！看郭阿多还敢骑在我头上！撤军！ | 这… 得快去禀报郭将军，张济意图谋反！
31,3,7,长安内乱,重骑兵*300/重骑兵*200/轻骑兵*300/轻骑兵*300/轻骑兵*300,1400,3-7-1.sc/3-7-3.sc,2,0,,63,11,张济 / 郭汜,郭  汜：张济！你敢灭我部下！ | 张  济：这恐怕是你的借口吧！你早就忌惮我势力会大过你，所以想尽办法除掉我！ | 郭  汜：我官居车骑，何须忌惮你！你灭我部下，死吧！ | 张  济：郭汜势大，我还是先撤吧！ | 郭阿多休走！ || 郭  汜：可恶张济！居然埋伏我！看我来日要你脑袋！撤军！ | 穷寇莫追，这下他们的仇怨可结大了，哈哈哈哈！ | 撤退！我们静观其变！
32,3,8,美人之争,重骑兵*250/重骑兵*250/重步兵*420/强弩兵*160/强弩兵*180,1260,3-8-1.sc/3-8-3.sc,2,0,,27,11,王允 / 吕布 / 我与你同去,王允：太师居然把将军之爱占为己有！禽兽不如！ | 吕布：我进去灭了他！ || 吕  布：董卓已经被我灭了！貂蝉也救出来了. | 王  允：你们都是社稷的功臣啊！ | 世为汉臣，为国出力是为臣的本份。 | 王  允：我们一起去面见圣上吧。
33,3,9,李郭劫驾,铁骑兵*200/重骑兵*220/重骑兵*220/轻骑兵*250/轻骑兵*250,1140,3-9-1.sc/3-9-3.sc,2,0,,55,11,王允 / 郭汜 / 李傕,王  允：李傕郭汜听说董卓死了，派兵前来问罪啊，如何是好啊。 | 我去摆平他们！ | 你们敢造反！ | 李  傕：郭汜，你拖住他！ || 郭  汜：好了！不陪你玩过家家了，撤退！ | 报！不好了！皇上被劫走了！司徒被灭了！ | 什么！
34,3,10,长安救驾,轻步兵*1000/轻步兵*1000/轻步兵*1000/重步兵*450/重步兵*450,3900,3-10-1.sc/3-10-3.sc,2,0,,41,6,献帝,报！郭汜和李傕意见不和，正在相互对峙！ | 好机会！趁他们不和，正好可以营救皇上！ || 微臣救驾来迟！请皇上恕罪！ | 献  帝：爱卿无罪，乃社稷功臣。 | 此地不宜久留，李傕郭汜一旦察觉，必然来追，微臣护送皇上离开。
35,3,11,逃遁入武关,重步兵*300/强弩兵*450/重步兵*200/强弩兵*450/重步兵*300,1700,3-11-1.sc/3-11-3.sc,2,0,,43,10,献帝,今日要回洛阳，只能从武关绕路，前方就是武关，但有重兵把守，今日到此，必须全力攻破！ | 愿死战！ | 好！大家努力！一鼓作气将武关攻下！ | 皇上，我等前去攻下武关！以保皇上还都洛阳！ | 献  帝：今日祸端，朕之过，有劳爱卿辛苦，朕于心不忍。 || 皇上，今日武关已攻下，现请皇上入关暂且先休息。 | 献  帝：爱卿如此忠心，朕十分欣慰。
36,3,12,追兵歼灭战,轻骑兵*400/轻骑兵*400/轻骑兵*400/重骑兵*300/重骑兵*300,1800,3-12-1.sc/3-12-3.sc,2,0,,52,9,献帝 / 是,报！前方发现追兵。 | 这么快就追来了，准备迎战！ | 追  兵：快把皇帝交出来！ | 不可能！将士们！消灭他们！ || 献  帝：爱卿没事吧。 | 来李郭两人的大部队快来了，皇上，我们快继续行军，这里不可久留啊。 | 献  帝：好，那立刻行军吧。
37,3,13,争夺献帝,轻骑兵*500/轻骑兵*500/轻骑兵*500/铁骑兵*200/铁骑兵*200,1900,3-13-1.sc/3-13-3.sc,2,0,,73,18,献帝 / 李傕 / 郭汜 / 曹操 / 夏侯渊 / 夏侯惇,糟了，他们追上了，皇上请退后，我来挡住他们！ | 李  傕：快把皇帝交出来！ | 痴心妄想！ | 李  傕：那别怪我得罪了！军士们！给我灭！ | 大家保护皇上！灭呀！ || 李  傕：放弃吧！你已经没有多少兵力了！ | 战死也不投降！ | 曹  操：贼人休要伤害皇上！ | 李  傕：援兵！糟了！撤军！
38,,,诸侯混战,重骑兵*1200/重步兵*1500/强弩兵*1500,4200,,0,0,,0,0,,
39,4,1,曹操兴兵,近卫*300/强弩兵*480/弩车*200/重步兵*500/重步兵*500,1980,4-1-1.sc/4-1-2.sc/4-1-3.sc,3,0,,62,23,陶谦 / 曹操 / 夏侯惇 / 典韦 / 于禁 / 信使,步  兵：将军，曹公的父亲在徐州被灭，曹公已经派兵前往徐州问罪了。 | （曹操对我有赠兵之恩，他的父亲在徐州被害了，或许跟陶谦有关系，我得去看看。） | 传我令！前往徐州！ | 步  兵：是！ || 曹  操：陶谦！你灭我父亲，此仇不共戴天！ | 陶  谦：是我手下张闿做的事，我毫不知情。 | 曹  操：何须多言！ | 步  兵：曹丞相和陶谦打起来了。 | 快去支援！ || 曹  操：陶谦！你还有什么话说！？ | 信  使：报！濮阳被吕布袭击了！ | 曹  操：什么？濮阳一失，我等都无家可归了。 | 曹  操：今日且饶你一命！
40,4,2,回救濮阳,重步兵*500/重步兵*500/重步兵*500/重骑兵*500/铁骑兵*300,2300,4-2-1.sc/4-2-3.sc,2,0,,25,10,曹操,信  使：将军！丞相得知消息，吕布已经袭击并占领了濮阳. | 信  使：丞相进军收复濮阳，希望将军前去支援。 | 嗯，知道了，我当亲自领兵和丞相汇合。 | 信  使：那小人前去回禀丞相，望将军早日来援。 | （吕布必将是心腹大患，我得尽快前往濮阳了。） || 丞相，吕布军的先锋已经被我打退。 | 曹  操：辛苦将军了，吕布攻占了濮阳，不过吕布勇而无谋，收复濮阳我已成竹在胸。 | 既然如此，那我去吕布退军的必经之路埋伏。 | 曹  操：如此甚好！
41,4,3,攻破濮阳,重步兵*520/重步兵*520/重步兵*520/弩车*300/铁骑兵*500,2360,4-3-1.sc/4-3-3.sc,2,0,,42,8,吕布 / 魏续 / 侯成 / 曹操,魏  续：主公！你先走！ || 曹  操：将军得胜归来啦。 | 丞相如何在此等候？ | 曹  操：皇上感你忠心，特封你为中郎将，快随我还都谢恩吧。
42,4,4,讨伐袁术,弩车*320/强弩兵*550/重步兵*550/重步兵*550/重步兵*600,2570,4-4-1.sc/4-4-2.sc/4-4-3.sc,3,0,,63,19,献帝 / 曹操 / 斥候 / 张勋 / 刘备 / 关羽 / 张飞,曹  操：皇上，扬州袁术进来招兵买马，不断扩充势力，只怕有不臣之心。 | 献  帝：朕也忧心，爱卿可有妙策？ | 曹  操：近来刘备得陶恭祖让与的徐州，不如派其前去平定袁术？ | 献  帝：爱卿可自行定夺。 | 曹  操：有劳将军前去协助刘备。 || 斥  候：报！前方发现袁术先锋大将张勋！ | 那就先拿他开刀！ || 刘备：刘备来迟了！ | 别来无恙，玄德兄，今日是为国效力，望两军合作愉快。 | 刘备：那是自然，袁术意图谋取徐州，我为徐州百姓忧心。 | 那么我们就齐攻袁术！
43,4,5,屯兵小沛,弩车*330/强弩兵*580/重步兵*520/重步兵*520/重骑兵*1000,2950,4-5-1.sc/4-5-3.sc,2,0,,28,13,刘备 / 关羽 / 斥候 / 张飞,斥  候：报！袁术大将纪灵领兵前来！ | 我们前去迎战！ || 袁术军被打退了。 | 张  飞：大哥！徐州被吕布那厮给夺了！我.... | 刘  备：什么！这…… | 刘  备：徐州已失，怎么与袁术军作战？ | 我们先回小沛再做打算吧。
44,4,6,马匹劫掠战,重骑兵*400/重骑兵*400/重骑兵*400/重骑兵*400/弩骑兵*800,2400,4-6-1.sc/4-6-3.sc,2,0,,43,19,刘备 / 关羽 / 张飞 / 吕布 / 曹操,吕  布：刘备！你居然抢我马匹！ | 刘  备：吕将军息怒，我并不知情啊。 | 吕  布：问问你的好三弟！ | 张  飞：哼！你夺我哥哥徐州就行，我夺你马匹就不行？ | 吕  布：那就不要怪我不客气了！ || 曹  操：玄德兄久别无恙。 | 刘  备：吕布忘义小人，我遭其追灭，特来投靠丞相。 | 曹  操：吕布是无义之徒，我和你合力消灭他，现在你暂且无依靠，先到豫州安身。 | 刘  备：谢丞相。
45,4,7,牵制袁术,弩车*350/强弩兵*600/重步兵*600/重步兵*600/重骑兵*700,2850,4-7-1.sc/4-7-3.sc,2,0,,17,8,刘备 / 张飞 / 关羽,禀主公，袁术已起兵攻打汝南，玄德公派人来请援。 | （袁术真是越来越嚣张，怕是要造反。） | 传令下去，兵发汝南！ || 玄德可安好？ | 刘  备：多谢将军援手，有了将军相助，汝南无忧。
46,4,8,张绣之乱,重弩车*350/强弩兵*620/重步兵*620/投石车*200/铁骑兵*650,2440,4-8-1.sc/4-8-3.sc,2,0,,25,10,刘备 / 关羽 / 张飞 / 曹操,听闻丞相遭张绣攻击，我须前去救援。 | 刘  备：袁术现已退兵，将军放心去吧。 | 玄德保重。 || （可恶的张绣，居然让我折损了大将典韦！） | 丞相，张绣已被我击败，我们一同进兵将其剿灭吧。 | 多谢将军援助，此役我军损失过大，还是待秋收时再议吧。
47,4,9,吕袁之战,强弩兵*620/重步兵*620/重步兵*620/重骑兵*800/重骑兵*900,3560,4-9-1.sc/4-9-2.sc/4-9-3.sc,3,0,,34,20,曹操 / 荀彧 / 吕布,曹  操：现吕布与袁术交战，我想趁此机会除掉吕布。 | 荀彧：不可！吕布反复无常，逼急了，必定与袁术联合，反而不利朝廷。 | 先生可有计策？ | 荀彧：下诏拜吕布领徐州牧，并出兵协助，一同攻打袁术，削弱其实力。 | 文若先生此计甚好，我愿出兵剿贼。 || 吕  布：将军来此，可是想乘人之危？ | 吕将军误会了，在下特来下诏。 | 朝廷有旨，封吕布为平东将军，领徐州牧，并命将军率兵抗击逆贼袁术。 | 吕   布：哈哈，为国出力是本份啊。 | 朝廷派我来协助将军，我愿意当先锋军。 || 袁术已败，在下要回朝复命。 | 吕   布：请将军先随我回军中，待我好好款待后再走不迟。 | （吕布狼子野心，迟早是朝廷大患，不可深交。） | 在下有旨在身，不敢拖延。多谢将军美意，告辞了。
48,4,10,兵围小沛,重步兵*650/重步兵*650/重步兵*650/重骑兵*800/重步兵*700,3450,4-10-1.sc/4-10-3.sc,2,0,,28,11,吕布,步  兵：报！探子来报，徐州城内兵力空虚！ | 好！ | （果然不出所料，吕布围攻刘备，这里果然是座空城） | 传令下去，即刻攻城！ || 吕  布：无耻小人！竟敢偷我徐州！ | 大胆吕布，朝廷不念旧恶，让你领徐州牧，你却不思勤政安民，报效天恩。 | 竟起这无妄之兵，狼子野心，昭然若揭。 | 吕  布：你…… | 哨  兵：报！曹操和刘备领着大军正从汝南袭来，要捉拿将军！
49,4,11,吕布逃亡,强弩兵*350/重步兵*650/重步兵*650/重骑兵*800/铁骑兵*700,3150,4-11-1.sc/4-11-3.sc,2,0,,37,15,吕布 / 陈宫 / 臧霸 / 高顺 / 曹操 / 刘备,陈  宫：小沛是小城，将军不可死守。 | 吕  布：你有何计策？ | 陈  宫：突围到下邳城。下邳防御坚固，粮草充足，只需坚守不出，敌军粮尽后就会退兵。 | 吕  布：好！那我们立刻突围！ | 臧  霸：主公先走，我来挡住他们！ || 禀丞相，吕布逃进了下邳城！ | 刘  备：下邳城易守难攻，这如何是好？ | 曹  操：嗯…… | 曹  操：我已经有妙计，破城就在几日内。
50,4,12,水淹下邳,投石车*220/强弩兵*650/强弩兵*650/铁骑兵*720/重步兵*720,2960,4-12-1.sc/4-12-3.sc,2,0,,23,7,曹操 / 刘备,曹  操：放水！水淹下邳！ | 刘  备：丞相，现在下邳已被水淹，是否开始进攻？ | 曹  操：好。就按之前的计划，我们各自领兵攻城。 | 好！ || 城门已破！随我灭入城去，生擒吕布！
51,4,13,吕布遭擒,投石车*220/重骑兵*1000/重骑兵*1000/重步兵*760/铁骑兵*800,3780,4-13-1.sc/4-13-3.sc,2,0,,42,18,臧霸 / 宋宪 / 曹操 / 吕布 / 刘备,宋  宪：西门已被攻破，吕将军这时居然还在花天酒地。 | 臧  霸：唉！不如我们投降吧。 | 宋  宪：我有个主意，咱去把他的赤兔马和方天画戟偷走，投降之后必定有赏。 | 臧  霸：好！就这么办！ | 灭呀！活捉吕布！ || 曹  操：吕布，今日被擒，有什么话可说啊？ | 吕  布：哼！若不是出了叛徒，你们岂是我的对手！ | 曹  操：你若能善待手下，又何来的叛徒？ | 吕  布：…… | 吕  布：听闻丞相一向爱才，吕布愿追随左右，助丞相平定天下。
52,,,援军消灭战,铁骑兵*1600/重骑兵*1400/重步兵*2900/强弩兵*2100/重弩车*400/投石车*300,8700,,0,0,,0,0,,
53,5,1,初会孙策,重步兵*1200/重骑兵*750/强弩兵*800/强弩车*450,3200,5-1-1.sc/5-1-2.sc/5-1-3.sc,3,0,,71,27,献帝 / 曹操 / 荀彧 / 斥候 / 雷薄 / 孙策,献  帝：袁术越来越不安分了，几位可有对策？ | 曹  操：单靠朝廷的力量，想消灭袁术可能会两败俱伤。 | 如果能分化袁术的力量，再依靠诸侯联手，就容易的多。 | 荀  彧：我有一计，袁术手下有一员虎将——孙策！ | 曹  操：孙策？其父可是原江东霸主——孙坚？ || 斥  候：报！孙策的先锋大将雷薄已进入我军伏击圈。 | 很好，即刻发起攻击。 || 孙  策：雷将军先退，让我孙策来会会敌人。 | 孙将军果然勇武。 | 孙  策：废话少说，再来战过！ | 将军一身本事，为何委身袁术？ | 孙  策：哼！想招揽我，你还不够资格。
54,5,2,孙策举兵,重步兵*1200/重步兵*1200/重骑兵*900/强弩兵*800/强弩兵*800,4900,5-2-1.sc/5-2-3.sc,2,0,,31,17,黄盖 / 程普 / 孙策 / 斥候,孙  策：让将军久等了。 | 将军现在万事具备，欲先取何处？ | 孙  策：曲阿县原是我母舅之地，家母也在曲阿境内，当先取此地。 | 程  普：曲阿乃富庶之地，粮草充足，怕是不易攻取。 | 听闻刘繇将粮草囤积于通许县，我有一提议。 || 斥候：报——！孙将军在岭南设伏，现与刘繇援军陷入苦战，局势不明。 | 嗯？以孙将军之勇武，居然不能速胜？ | 斥候：援军中有一员虎将，名叫太史慈，异常勇猛。 | （名震北海的太史慈居然在此！） | 传令下去，整顿兵马，助孙将军破敌。
55,5,3,酣战太史慈,重骑兵*1200/重骑兵*1200/铁骑兵*750/强弩兵*900/强弩车/450,4050,5-3-1.sc/5-3-3.sc,2,0,,32,12,朱治 / 孙策 / 程普,朱  治：将军来得正及时啊，我正想向将军请援。 | 我已知道了，特前来助战。 | 朱  治：将军不要轻敌，敌军有一将名太史慈，勇猛无比，我家主公与他苦战不下。 | 情况紧急，我先去援助孙将军。 || 程  普：主公！你受伤了！ | 孙将军遭暗箭所伤，快送回军营里医治。 | 孙  策：我无大碍，只是我见太史慈如此勇猛，心甚爱之，不忍力战。 | （孙策居然如此爱惜人才。） | 孙将军先回帐中疗伤，我已有计擒拿太史慈。
56,5,4,攻克曲阿,重步兵*2000/近卫兵*1000/强弩兵*1000/强弩兵*1000/强弩车*480,5480,5-4-1.sc/5-4-2.sc/5-4-3.sc,3,0,,65,32,孙策 / 太史慈,孙  策：我欲收太史慈，将军有何良策？ | 此计不仅可擒拿太史慈，曲阿也可一举拿下。 | 孙  策：是何计策？望将军赐教！ | 放出流言说将军已中箭身亡，并令全军撤离，敌军得知，必遣大军前来追击。。 | 此时城中空虚，我则伪装为刘繇军，趁机灭入城中，占领曲阿。将军则沿途设伏，灭退来军。 || 时候差不多了，我们出发！ | 来者何人？ | 主公怕敌军偷袭，特命我等回城固守。 | 放下吊桥。 | 将士们，冲进城去！ || 太史慈！你已经无处可逃了！ | 孙  策：我甚爱将军之勇，望能加入我军。 | 太史慈：大丈夫死则死矣，岂能投降！ | 大丈夫在世，当立不世之功，太史将军就甘心如此死去？ | 太史慈：……
57,5,5,分兵战吴城,重步兵*1400/重步兵*1400/近卫兵*1200/重骑兵*750/强弩兵*1000,5750,5-5-1.sc/5-5-3.sc,2,0,,32,18,孙策 / 程普 / 黄盖 / 斥候 / 太史慈 / 周瑜,报！太史慈将军传信，严白虎已率大军出城。 | 子义之计果然成功了。 | 孙  策：那就请将军按计划迎击严白虎，我自领兵去夺吴城。 | 好，某先行一步了！ || 孙  策：哈哈哈！子义不欺我，吴城已然夺下了。 | 恭喜孙将军！现已有两城根基，可趁势攻取江东重镇——会稽。 | 孙  策：会稽太守王朗手有重兵，怕是难以攻下。 | 周  瑜：伯符勿忧，我有妙计可取会稽。 | 孙  策：公瑾——！
58,5,6,奇袭会稽,重步兵*1600/重骑兵*1200/重骑兵*1200/铁骑兵*750/强弩兵*1000,5750,5-6-1.sc/5-6-2.sc/5-6-3.sc,3,0,,49,20,孙策 / 周瑜 / 周昕 / 将领,孙  策：会稽今有重兵，公谨有何妙计？ | 周  瑜：我已探知会稽虽有重兵，但查渎却防守空虚，而查渎乃会稽屯粮之地。 | 公谨可是想先取查渎？ | 周  瑜：不，我军只是假意攻取查渎，以诱援军，由将军率本部截灭援军，并放跑部分败军。 | 周  瑜：再由伯符率部乔装，混入溃败的敌军，混进城中，内外夹击，一举破城。 || 周  昕：孙策正在攻打查渎，大家加快速度，一定要救下查渎。 | 士  兵：是！ | 周  昕：不好，有埋伏！ || 恭喜孙将军，江东已悉数平定，可勿忘先前之约啊。 | 孙  策：将军如此助我，我必履行诺言！ | 目前出兵袁术的时机还未到。 | 待时机到时，我发书信与将军，将军可依长江之利攻打庐江；我与曹丞相分别攻打合肥与寿春，三面夹击下，袁术必败。 | 孙  策：好！静待将军起兵！
59,5,7,袁术称帝,重骑兵*1500/重骑兵*1500/铁骑兵*750/强弩兵*600/强弩车*450,4800,5-7-1.sc/5-7-2.sc/5-7-3.sc,3,0,,40,11,步兵 / 斥候,步  兵：前方来报，曹丞相已领兵攻打寿春，孙策将军也已起兵进攻庐江。 | 好，那就按计划进攻合肥，即刻起兵。 || （曹操和孙策都起兵了，只要攻下合肥和庐江，袁术的寿春就只剩一座孤城了。） | 斥  候：报！前方发现袁术军马！ | 准备迎敌！ || 将军，这股敌人来的甚是蹊跷。 | 如此伎俩，我岂能不知。敌人必是想在此拖延我军，等我们扎营后，他们趁夜劫营。 | 哼！正好可以将计就计，传令扎营，夜里每人都换上袁术军的军服，让他们劫空营，我们去偷袭合肥！ | 是！
60,5,8,进攻合肥,重步兵*2000/重步兵*2000/近卫兵*1000/强弩兵*1000/强弩兵/1000,6000,5-8-1.sc/5-8-3.sc,2,0,,38,18,守军 / 斥候,都换好军服了吗？ | 都换好了！ | 好！出发！ | 守  军：来者是何人？ | 陛下得知有贼人前来攻击合肥，命我等前来援助。 || 孙将军那边情况如何？ | 斥  候：孙将军已经攻下庐江！ | 曹丞相那边呢？ | 斥  候：曹丞相已将寿春层层包围，只等将军会合后共同攻城。 | （曹操果然多谋，寿春四面遭围，城内必然人心惶惶，我就来应和他。）
61,5,9,攻打寿春,重步兵*1600/近卫兵*1200/强弩兵*1600/强弩兵*1600/弩车*600/弩车*600,7200,5-9-1.sc/5-9-3.sc,2,0,,40,11,曹操 / 孙策,曹  操：袁术现已如瓮中之鳖，曹某可就等两位了。 | 听闻丞相围城已久，想必袁军已无士气。 | 曹  操：正是，现只恐袁军背水一战，于我军不利。 | 孙  策：可否诱袁术弃城而逃，我们再围而歼之。 | 好主意，我们可假意各自强攻一门，只留下东门。 || 斥  候：报！袁术从东门突围而去！ | 果然不出我所料！全军追击！
62,5,10,袁术逃亡,铁骑兵*1500/重骑兵*900/重步兵*2000/强弩兵*1200/强弩兵*1200,6800,5-10-1.sc/5-10-3.sc,2,0,,55,18,曹操 / 徐晃 / 曹仁 / 袁术 / 陈兰 / 阎象 / 斥候,陈  兰：主公先走，我来挡住他们！ | 哈哈！袁术，我可是恭候多时了！ | 袁  术：可恶小子！给我灭过去！ | 迎战！ || 袁术，你逃不掉了！ | 曹  操：袁术，束手就擒吧。 | 斥  候：报！北面来了一队军马，似乎是袁绍的军队！ | 袁  术：哈哈哈！我就知道本初必然不会置兄弟之情于不顾！我有救啦！ | 快！先抓住袁术！
63,,,仲氏覆灭,近卫兵*1600/重步兵*4200/铁骑兵*2400/强弩兵*3000,11200,,0,0,,0,0,,
64,6,1,公孙瓒借兵,重步兵*2000/重步兵*2000/骁骑兵*900/强弩兵*1200/强弩兵*1200,7300,6-1-1.sc/6-1-3.sc,2,0,,54,15,信使 / 张南 / 斥候,信  使：将军，我家主公公孙将军有书信一封。 | 将军亲启，我驻守幽州十余年，<br/>忠心汉室，保大汉边境不受夷狄入侵。<br/>然袁绍取韩馥冀州后，竟意图再夺我并、幽两州，<br/>其颠覆汉室的野心昭然若揭。我欲伸义于汉，<br/>奈何为贼所困，望将军援我灭贼。 | （听闻袁术已将玉玺转予袁绍，看来这袁家称帝之心不死不休！） | 袁绍素有不臣之心，我早已知之，你可速回报公孙将军，我即日起兵前往助之。 | 信  使：谢将军！ || （袁绍身边不乏能人啊，能够料算到我军行进的路线，看样子公孙瓒要吃苦头了。） | 斥  候：报！公孙瓒在界桥败兵被围！ | 不出我所料，我们快去救援！
65,6,2,大战界桥,重步兵*2000/重步兵*2000/铁骑兵*1500/铁骑兵*1500/弩骑兵*1000,8000,6-2-1.sc/6-2-3.sc,2,0,,56,12,公孙瓒 / 麴义 / 敌将,公孙将军！我来了！ | 公孙瓒：将军助我！ | 全军压上！ || 可先歇息，敌军已经追不上我们了。 | 公孙瓒：不料袁绍居然如此强，我轻敌了…… | 胜负乃兵家常事，不如我们且退平原，整顿兵马后再战。 | 公孙瓒：也只能如此了……
66,6,3,龙凑之战,近卫兵*2000/骁骑兵*1200/骁骑兵*1200/重弩车*1000/弩骑兵*2000,7400,6-3-1.sc/6-3-3.sc,2,0,,48,12,公孙瓒 / 将领,前方便是平原的龙凑县，我们可在此重整兵马。 | 糟了！有伏兵！ || 公孙瓒：此处乃青州地界，何来袁绍兵马？ | 公孙将军，恐怕袁绍早已袭取了青州，此地不宜久留。 | 公孙瓒：这…… | 袁绍势已成，为今之计只能暂撤回幽州了。 | 公孙瓒：可恶袁绍！迟早要你覆灭！
67,6,4,巨马水反击,重步兵*2000/近卫兵*1200/骁骑兵*1500/铁骑兵*2000/弩骑兵*1500,8200,6-4-1.sc/6-4-3.sc,2,0,,31,11,公孙瓒 / 将领 / 哨兵,公孙瓒：已经回到了幽州地界，我得立刻集结兵马！ | 哨兵：报！袁绍领兵来犯，已经兵临巨马水！ | 公孙瓒：来的如此之快！速速前去迎敌！ | 公孙将军！我有一计！将军可正面吸引袁绍注意，我从侧面绕路袭其后方，则敌军可破。 | 公孙瓒：此计可行！就依将军！ || 袁绍败退了，可趁此机会追击！ | 公孙瓒：追！
68,6,5,许昌之变,近卫兵*1500/近卫兵*1500/骁骑兵*2000/弩骑兵*1200/弩骑兵*1200,7400,6-5-1.sc/6-5-3.sc,2,0,,48,20,袁绍 / 张郃 / 公孙瓒 / 将领 / 使者,袁  绍：张郃救我！ | 张  郃：主公先退！我来挡住他们！ | 看来有援军了，公孙将军你去追袁绍，不要让他跑了，我来对付援军！ | 公孙瓒：好！ || 公孙将军可有追到袁绍？ | 公孙瓒：让他给跑了！ | 使者：圣旨到！ | 奉天承运，皇帝诏曰<br/>袁绍与公孙瓒皆汉臣<br/>不可内斗而使夷狄有入侵之机<br/>现命双方各自镇守一方，不得相扰！ | 使者：丞相有言！如不从者，朝廷发兵拒之！
69,6,6,刘曹反目,重步兵*2500/重步兵*2500/骁骑兵*1500/强弩兵*1500/强弩车*500,8500,6-6-1.sc/6-6-2.sc/6-6-3.sc,3,0,,67,35,使者 / 曹操 / 刘备 / 郭嘉,使  者：将军，许昌有变，刘备突然反叛朝廷，丞相大为震怒，故此次派我前来知会将军速回许昌。 | 什么！刘备居然反叛？ | （刘备可是皇叔，平日也对皇上十分恭敬，如何会有反叛之心？） | 我这就回许昌，请天使与我同行。 | 丞相！刘备为何会反叛？据我所知，他一心忠于汉室啊。 || 曹  操：刘备目前在徐州，关羽和张飞分别驻守下邳和小沛，形成掎角之势。 | 关羽、张飞乃是当世猛将，我恐无法抵敌，但刘备我还能应付的来。 | 曹  操：那么刘备就交给将军了，我自引军拿下关羽和张飞。 | 此法可行。 || 反贼刘备！还不束手就擒！ | 刘  备：何谓我是反贼？ | 公然起兵，非反何为？ | 刘  备：…… | 大丈夫敢作敢当，为何哭泣做儿女态！？
70,6,7,袁绍下战书,重步兵*3000/铁骑兵*2000/骁骑兵*1500/弩骑兵*1500/强弩车*600,8600,6-7-1.sc/6-7-3.sc,2,0,,29,12,曹操 / 郭嘉 / 哨兵,曹  操：袁绍统一了河北，现在给我下战书了…… | 听闻袁绍欲攻许昌？ | 曹  操：这是他下的战书，你看看吧。 | 哨  兵：报！袁绍军先锋颜良已在白马驻扎，从将高览率军来攻，现已到达酸枣！ | 曹  操：什么！这么快！ || 许昌的危险暂时是化解了，但是还不知道白马那的战况如何，我们得尽快赶过去了！ | 骑  兵：是！
71,6,8,白马之战,重步兵*2500/铁骑兵*2500/近卫兵*1500/强弩兵*1200/强弩兵*1200,8900,6-8-1.sc/6-8-3.sc,2,0,,41,11,曹操 / 吕威璜 / 颜良,此处战况如何？ | 曹  操：敌军正与我军对峙。 | 吕威璜：谁敢来战！？ | 曹  操：居然如此嚣张！ | 我去战他！ || 颜  良：敢与我战否！？ | （好大的蛮力！不可力敌啊！暂且先撤！） | 颜  良：全军突击！
72,6,9,关羽战颜良,骁骑兵*1500/铁骑兵*2000/铁骑兵*2000/近卫兵*1500/弩骑兵*1500,8500,6-9-1.sc/6-9-3.sc,2,0,,33,17,曹操 / 程昱 / 关羽 / 颜良,曹  操：颜良果然是猛将，我们该如何破他？ | 程  昱：我想，或许关羽可斩颜良。 | 曹  操：云长？ | 程  昱：是也，关羽曾斩华雄，力敌吕布，必能将颜良斩首。 | 曹  操：如此甚好！快请云长前来！ || 关  羽：想跑？看谁的马快！ | 颜良：啊！！！
73,6,10,逐兵白马,重步兵*3000/近卫兵*1000/铁骑兵*2000/强弩兵*1500/重弩车*1000,8500,6-10-1.sc/6-10-3.sc,2,0,,33,12,关羽 / 颜良 / 袁绍 / 文丑 / 哨兵,步  兵：颜将军被灭了，快跑啊！ | 颜良已死！全军出击！ || 哨  兵：报！我军兵败，颜将军已阵亡！ | 袁  绍：什么！！！颜良阵亡！？ | 文  丑：主公！颜良与我如同手足！容我前去报仇！ | 袁  绍：可恶曹瞒！竟然斩我大将！文丑听令！命你领十万大军前去复仇！ | 文  丑：是！
74,6,11,延津之战,重步兵*2000/近卫兵*2500/铁骑兵*1500/铁骑兵*1500/弩骑兵*1500,9000,6-11-1.sc/6-11-3.sc,2,0,,27,14,曹操 / 哨兵 / 文丑,曹  操：颜良被斩，袁绍必不善罢甘休。 | 哨  兵：报！袁绍军大将文丑领兵十万进攻延津！ | 曹  操：果不其然，将军可否代为御敌？ | 丞相何不亲往？ | 曹  操：我恐袁绍再袭他处，我们就疲于奔命了。况且我军军粮已难为继…… || 敌军如此势大！刚消灭完一波，文丑又至矣！ | 文  丑：看我取你性命！ | 列阵！迎敌！
75,,,败文丑,重步兵*3000/骁骑兵*4500/铁骑兵*3600/弩骑兵*4000/重弩车*2000,17100,,0,0,,0,0,,
76,7,1,袁绍兴兵,近卫兵*1500/近卫兵*1500/骁骑兵*1000/强弩兵*2000/铁骑兵*2000,8000,7-1-1.sc/7-1-3.sc,2,0,,28,13,曹操 / 哨兵,哨  兵：报！袁绍率七十万大军，直奔官渡！ | 曹  操：我军粮草稍少，若不速战，待军粮耗尽，必败于袁绍之手。不如趁其远来疲弊，先击之。 | 曹  操：传我令！三军集结，迎击袁绍！ | 哨  兵：报！曹丞相迎击袁绍陷入围困中！ | 什么？马上集结军队！前去营救！ || 曹  操：我轻敌矣！此战败绩，我军士气不振，不如回城固守。 | 此战虽败，然我料袁绍必喜悦冲头，轻视丞相，可趁此定计攻之。 | 曹  操：有何计可败之？ | 此处不便，丞相且回营听我细说。
77,7,2,奇袭袁绍,重步兵*2500/重步兵*2500/弩骑兵*1500/重弩车*800/铁骑兵*1500,8800,7-2-1.sc/7-2-3.sc,2,0,,17,9,曹操,曹  操：将军有何计可败袁绍？ | 袁绍欺丞相败，必举兵来攻寨，丞相可全力防守。 | 我则趁机袭其后方，彼军必乱，丞相可趁势攻之，其必败也。 | 曹  操：此计可行！就依你。 || 曹  操：袁军此战一败，必有所防备，再战难胜。 | 袁绍此次败军，短期不会再贸然进攻，且手下互不相容，可待其变再攻。 | 曹  操：将军之言是也，且回营暂作休整。
78,7,3,劫兵粮,重步兵*2500/骁骑兵*2000/铁骑兵*1500/铁骑兵*1500/铁骑兵*1500,9000,7-3-1.sc/7-3-3.sc,2,0,,22,14,曹操 / 哨兵,曹  操：近日我军粮草消耗甚大，我有意暂退回许都。 | 我认为不可，退军则士气低落，我们都会陷入被动。 | 步  兵：细作来报！袁军韩猛将于今夜押运粮草至袁绍军前接济！ | 丞相，韩猛今夜押运粮草，何不趁此机会前去劫粮？ | 曹  操：我正有此意，不知将军可愿亲往？ || 曹  操：彼军粮草为我所劫，可暂时缓解军中缺粮的困境。 | 军以粮为先，丞相可修书一封往许都催粮。 | 曹  操：也好，我作书催荀彧速送粮草。
79,7,4,许攸献计,近卫兵*2000/骁骑兵*1600/铁骑兵*1800/弩骑兵*1600/重弩车*1000,8000,7-4-1.sc/7-4-3.sc,2,0,,43,19,许攸 / 袁绍 / 曹操 / 哨兵,步  兵：报！我军截获曹操军往许昌密信一封。 | 许  攸：原来彼军缺粮，可速报主公。 | 许  攸：主公！曹操军缺粮，我军可兵分两路，一面进攻官渡，一面袭许昌，则曹操必为所擒。 | 袁  绍：哼！审配密告你侄在冀州受贿，我想你必定也受了曹操的贿赂，想诱我出军！ | 袁  绍：雕虫小技岂能骗的过我！念在你随我多年的份上，就饶了你的狗命，给我滚出去！以后不必再来见我！ || 步  兵：将军，守军已尽皆击败，但袁绍派袁军前来支援。 | 我自有抵挡之策，可先纵火烧乌巢粮！
80,7,5,火烧乌巢,近卫兵*2000/铁骑兵*2500/铁骑兵*2500/强弩兵*1000/弩骑兵*800,8800,7-5-1.sc/7-5-3.sc,2,0,,30,10,曹操,三军听令！敌人援军正赶来，我们前去半路突袭之。 | 骑  兵：是！ || 曹  操：将军辛苦，袁绍劫营军已被我击败，袁绍若知道乌巢被烧，军心必然大乱。 | 曹  操：此时乃进攻袁绍的最佳时机，请将军即刻出兵，前去攻打。 | 丞相不去吗？ | 曹  操：将军为先驱，我可在其退军路上设伏。 | （曹操是拿我军当炮灰？）
81,7,6,反守为攻,重步兵*2500/近卫兵*1500/骁骑兵*1000/铁骑兵*1500/强弩兵*2500,9000,7-6-1.sc/7-6-3.sc,2,0,,30,11,曹操,曹操居然让我军去当炮灰！ | 骑  兵：将军息怒，丞相之命不可违啊…… | 既然如此，传我令，我军换上袁绍军服，混入其营寨中，举火为号，然后脱掉伪装，攻击袁军！ | 骑  兵：是！ | 我们出发！ || 曹  操：袁绍已败走，此役将军功劳甚大，我必将上奏朝廷。 | 下一步丞相有何打算？ | 曹  操：目前我军粮草不继，需待军粮到后再攻袁绍。 | 袁氏盘踞河北，根深蒂固，若待其回到河北，不需多久便可回复气力，到时极难取胜矣。 | 曹  操：将军所言极是，可我军粮不到，实属无奈。
82,7,7,大战仓亭,近卫兵*1500/骁骑兵*2000/骁骑兵*2000/铁骑兵*1500/弩骑兵*1500,8500,7-7-1.sc/7-7-3.sc,2,0,,45,15,蒋义渠 / 袁绍 / 哨兵 / 曹操,曹操居然要等军粮到了才攻冀州！只怕到时袁绍气力已得到了恢复！ | 骑  兵：将军何须等待丞相？以我军之力便可拿下冀州。 | 正是！他虽是丞相，但我不受制于他，他不攻，我攻！ | 袁  绍：追军将至矣。 | 蒋义渠：主公莫慌，我前去阻击之。 || 曹  操：将军出兵如此迅速？ | 袁绍已死于我军马蹄之下。 | 曹  操：将军立大功矣！我当在陛下面前表将军为大将军。 | 袁绍已死，现可逐一收复冀、幽、并、青四州。 | 曹  操：可先往冀州城进发。
83,7,8,诈败施计,重步兵*2000/弩骑兵*1000/铁骑兵*2000/铁骑兵*2000/强弩兵*1500,8500,7-8-1.sc/7-8-3.sc,2,0,,40,13,曹操 / 哨兵 / 袁谭,哨  兵：报！袁谭先锋大将吕旷领兵来攻！冀州袁尚也从北面而来！ | 曹  操：袁谭？袁尚？糟了！袁绍死，其子必齐力报仇，我军将有苦战矣！ | 袁绍各子皆欲夺权，他们此来必然是来试探我们实力，并非来力战。 | 曹  操：噢？那将军意思是？ | 目前而言，袁谭实力最强。此番可与吕旷交战，削其部分战力，使其与袁尚实力相近，后与袁谭交战，诈败而走。 || 袁  谭：让我看看你的实力！ | 好强！撤！ | 袁  谭：哼！也不过如此，待我继承父权后，必要反攻中原！
84,7,9,攻占冀州,重步兵*2500/骁骑兵*1500/铁骑兵*2000/弩骑兵*1000/强弩兵*2000,9000,7-9-1.sc/7-9-3.sc,2,0,,24,10,曹操 / 郭嘉 / 哨兵 / 袁谭,哨  兵：报！袁谭与袁尚在冀州城外扎营交战！ | 郭  嘉：主公！此时正是进攻冀州的最佳时机啊！ | 他们虽然交战，但如果面对同样的敌人，必然临时合力，我们难胜。 | 曹  操：不如我们分别攻打一个目标，我攻袁尚，将军攻袁谭，他们两面无法相救，必败。 | 我正有此意。 || 袁谭跑了！快给我追！
85,7,10,进军南皮,重步兵*2000/重步兵*2000/骁骑兵*1500/骁骑兵*1500/弩骑兵*2000/重弩车*1000,10000,7-10-1.sc/7-10-3.sc,2,0,,26,12,袁谭 / 高干 / 哨兵,袁  谭：可恶曹贼！居然趁人之危！高干！立即点兵，随我前去收复冀州！ | 高  干：是！ | 哨  兵：报！追军至矣！ | 袁  谭：快！迎敌！ || 哨  兵：报！袁尚和袁熙走投乌桓，丞相率兵追袭，但追失而返！ | 什么！！！ | 袁家难道想让外夷入侵中原！？快！去寻一位能识得路的人，我们得快去阻止袁氏愚蠢的行动！ | 哨  兵：是！
86,,,远征乌桓,重步兵*2000/近卫兵*3000/骁骑兵*6000/铁骑兵*4000/弩骑兵*3000/重弩车*1600,19600,,0,0,,0,0,,
87,8,1,关羽归刘,近卫兵*2000/近卫兵*2000/骁骑兵*2800/铁骑兵*1500/弩骑兵*1500,9800,8-1-1.sc/8-1-2.sc/8-1-3.sc,0,3,8-1-1.sc/8-1-2.sc/8-1-3.sc,0,0,,
88,8,2,山越作乱,重步兵*2200/重步兵*2200/近卫兵*2000/近卫兵*2000/强弩兵*1800,10200,8-2-1.sc/8-2-2.sc/8-2-3.sc,0,3,8-2-1.sc/8-2-2.sc/8-2-3.sc,0,0,,
89,8,3,涂县遭围,重步兵*2000/重步兵*2000/近卫兵*3000/骁骑兵*2500/骁骑兵*2500/强弩兵*2000/强弩车*1200,15200,8-3-1.sc/8-3-3.sc,0,2,8-3-1.sc/8-3-3.sc,0,0,,
90,8,4,进攻阴陵,近卫兵*1500/骁骑兵*2400/骁骑兵*2400/铁骑兵*2000/弩骑兵*1800,10100,8-4-1.sc/8-4-3.sc,0,2,8-4-1.sc/8-4-3.sc,0,0,,
91,8,5,降服山越,重步兵*2000/重步兵*2000/近卫兵*2000/弩骑兵*2000/强弩车*1500,9500,8-5-1.sc/8-5-3.sc,0,2,8-5-1.sc/8-5-3.sc,0,0,,
92,8,6,吴侯遇刺,重步兵*2500/近卫兵*2500/铁骑兵*2000/铁骑兵*2000/强弩兵*2000,11000,8-6-1.sc/8-6-2.sc/8-6-3.sc,0,3,8-6-1.sc/8-6-2.sc/8-6-3.sc,0,0,,
93,8,7,孙权追凶,重步兵*2500/重步兵*2500/近卫兵*2000/骁骑兵*2000/强弩兵*2200,11200,8-7-1.sc/8-7-3.sc,0,2,8-7-1.sc/8-7-3.sc,0,0,,
94,8,8,征伐黄祖,重步兵*3000/近卫兵*2000/近卫兵*2000/骁骑兵*3000/弩骑兵*2000,12000,8-8-1.sc/8-8-3.sc,0,2,8-8-1.sc/8-8-3.sc,0,0,,
95,8,9,九江兵变,重步兵*2800/重步兵*2800/铁骑兵*3000/强弩兵*2000/强弩车*1300,11900,8-9-1.sc/8-9-3.sc,0,2,8-9-1.sc/8-9-3.sc,0,0,,
96,8,10,惩戒贪官,重步兵*3000/重步兵*3000/近卫兵*2000/骁骑兵*2000/强弩兵*2500,12500,8-10-1.sc/8-10-3.sc,0,2,8-10-1.sc/8-10-3.sc,0,0,,
97,8,11,寿春之变,重步兵*2500/近卫兵*2500/骁骑兵*2500/弩骑兵*2000/强弩车*1500,11000,8-11-1.sc/8-11-3.sc,0,2,8-11-1.sc/8-11-3.sc,0,0,,
98,,,兴兵问罪,重步兵*1500/重步兵*1500/近卫兵*1500/近卫兵*1500/骁骑兵*3000/骁骑兵*2000/骁骑兵*2000/骁骑兵*2000/弩骑兵*2000/弩骑兵*2000/强弩车*1200/强弩车*1200,21400,,0,0,,0,0,,
99,,,押解遇袭,重步兵*2200/重步兵*2200/近卫兵*2500/骁骑兵*2500/弩骑兵*2000/重弩车*1500,12900,9-lb-1-1.sc/9-lb-1-2.sc/9-lb-1-3.sc,0,3,9-lb-1-1.sc/9-lb-1-2.sc/9-lb-1-3.sc,0,0,,
100,,,与曹反目,重步兵*2000/近卫兵*3000/骁骑兵*3000/强弩兵*1700/强弩兵*1700/重弩车*1600,13000,9-lb-2-1.sc/9-lb-2-3.sc,0,2,9-lb-2-1.sc/9-lb-2-3.sc,0,0,,
101,,,助刘战曹,重步兵*2500/重步兵*2500/骁骑兵*3000/强弩兵*2300/强弩兵*2300,12600,9-lb-3-1.sc/9-lb-3-2.sc/9-lb-3-3.sc,0,3,9-lb-3-1.sc/9-lb-3-2.sc/9-lb-3-3.sc,0,0,,
102,,,火烧博望,重步兵*2000/重步兵*2000/骁骑兵*3000/铁骑兵*2000/铁骑兵*2000/弩骑兵*1800,12800,9-lb-4-1.sc/9-lb-4-2.sc/9-lb-4-3.sc,0,3,9-lb-4-1.sc/9-lb-4-2.sc/9-lb-4-3.sc,0,0,,
103,,,力战许褚,骁骑兵*3000/铁骑兵*3000/铁骑兵*3000/弩骑兵*2000/弩骑兵*2000,13000,9-lb-5-1.sc/9-lb-5-3.sc,0,2,9-lb-5-1.sc/9-lb-5-3.sc,0,0,,
104,,,火烧新野,重步兵*2500/重步兵*2500/骁骑兵*3000/骁骑兵*3000/弩骑兵*2200,13200,9-lb-6-1.sc/9-lb-6-3.sc,0,2,9-lb-6-1.sc/9-lb-6-3.sc,0,0,,
105,,,大战长坂,重步兵*3000/近卫兵*2000/近卫兵*2000/铁骑兵*2000/铁骑兵*2000/弩骑兵*2400,13400,9-lb-7-1.sc/9-lb-7-3.sc,0,2,9-lb-7-1.sc/9-lb-7-3.sc,0,0,,
106,,,退兵夏口,重步兵*3000/重步兵*3000/骁骑兵*3000/弩骑兵*1600/重弩车*1500,12100,9-lb-8-1.sc/9-lb-8-3.sc,0,2,9-lb-8-1.sc/9-lb-8-3.sc,0,0,,
107,,,草船借箭,重步兵*2000/重步兵*2000/近卫兵*2000/近卫兵*2000/铁骑兵*1800/强弩兵*2000/强弩兵*2000,13800,9-lb-9-1.sc/9-lb-9-2.sc/9-lb-9-3.sc,0,3,9-lb-9-1.sc/9-lb-9-2.sc/9-lb-9-3.sc,0,0,,
108,,,起风送人,重步兵*2000/重步兵*2000/骁骑兵*3000/铁骑兵*2000/铁骑兵*2000/强弩兵*3000,14000,9-lb-10-1.sc/9-lb-10-2.sc/9-lb-10-3.sc,0,3,9-lb-10-1.sc/9-lb-10-2.sc/9-lb-10-3.sc,0,0,,
109,,,追袭曹军,重步兵*2500/重步兵*2500/骁骑兵*3000/铁骑兵*2200/强弩兵*2000/强弩兵*2000,14200,9-lb-11-1.sc/9-lb-11-3.sc,0,2,9-lb-11-1.sc/9-lb-11-3.sc,0,0,,
110,,,夜袭南郡,重步兵*3000/近卫兵*3000/铁骑兵*2400/强弩兵*2000/重弩车*1000/重弩车*1000,12400,9-lb-12-1.sc/9-lb-12-3.sc,0,2,9-lb-12-1.sc/9-lb-12-3.sc,0,0,,
111,,,攻占襄阳,重步兵*2000/重步兵*2000/近卫兵*1800/近卫兵*1800/骁骑兵*3000/骁骑兵*3000/骁骑兵*3000/铁骑兵*1500/铁骑兵*1500/强弩兵*1500/强弩兵*1500/弩骑兵*1500/弩骑兵*1500/重弩车*1400/重弩车*1400,28400,,0,0,,0,0,,
