target_id,x,y,desc,resource1,resource2,loot_ids,major_codes,majors,units,query_x,query_y
2472193,0,22,"大批资源,有宝箱,",698,1454,13569;1060,1;4;0,弓弩;战车;步兵,"靳天:弓弩(raw=1,sub=1)x1289 | 司马新:战车(raw=4,sub=1)x1269 | 堵意:步兵(raw=0,sub=6)x1645",0,18
2470340,0,24,"大批资源,有宝箱,",684,1432,1064,1;4;4,弓弩;战车;战车,"范元:弓弩(raw=1,sub=1)x1105 | 安云无:战车(raw=4,sub=4)x515 | 邬颂:战车(raw=4,sub=4)x512",0,24
2468488,0,31,"大批资源,",620,1665,1063,4;4;1,战车;战车;弓弩,"解圣:战车(raw=4,sub=1)x1300 | 韶吉:战车(raw=4,sub=4)x511 | 李瑶:弓弩(raw=1,sub=1)x1268",0,30
2472438,0,49,"大批资源,有宝箱,",592,1613,1064,0;4;0,步兵;战车;步兵,"孔通悦:步兵(raw=0,sub=6)x1483 | 祝若:战车(raw=4,sub=6)x1662 | 慕今:步兵(raw=0,sub=6)x1773",0,48
2469125,1,2,"大批资源,",562,1536,,0;4;2,步兵;战车;骑兵,"陆举友:步兵(raw=0,sub=6)x1603 | 宦阵:战车(raw=4,sub=6)x1405 | 巢强魄:骑兵(raw=2,sub=10)x924",0,0
2469172,1,22,"大批资源,有宝箱,",686,1685,1064;1064,4;0;4,战车;步兵;战车,"季业:战车(raw=4,sub=10)x813 | 邴柏:步兵(raw=0,sub=6)x1722 | 沙通石:战车(raw=4,sub=4)x586",0,18
2468713,3,37,"大批资源,",609,1596,,2;4;4,骑兵;战车;战车,"阙吉凡:骑兵(raw=2,sub=10)x936 | 高辑闰:战车(raw=4,sub=4)x576 | 邱从:战车(raw=4,sub=4)x582",3,36
2471730,3,42,"大批资源,",530,1652,1060;1064,4;1;0,战车;弓弩;步兵,"山穹风:战车(raw=4,sub=4)x548 | 凤旺:弓弩(raw=1,sub=1)x1262 | 容勃之:步兵(raw=0,sub=6)x1786",3,42
2467767,3,43,"大批资源,有宝箱,",699,1525,,2;4;4,骑兵;战车;战车,"乐淑敏:骑兵(raw=2,sub=10)x873 | 祖嫒音:战车(raw=4,sub=4)x559 | 邱柳:战车(raw=4,sub=1)x1100",3,42
2471864,3,52,"大批资源,有装备,",515,1673,,4;4;2,战车;战车;骑兵,"孙晗籁:战车(raw=4,sub=4)x520 | 齐晴幻:战车(raw=4,sub=4)x537 | 宣冰:骑兵(raw=2,sub=10)x849",3,48
2470610,3,54,"大批资源,",568,1507,1062,0;1;2,步兵;弓弩;骑兵,"酆朗:步兵(raw=0,sub=6)x1746 | 厍秉华:弓弩(raw=1,sub=1)x1256 | 勾芹路:骑兵(raw=2,sub=10)x810",3,54
2468556,4,7,"大批资源,有宝箱,",501,1439,1064,1;2;1,弓弩;骑兵;弓弩,"饶奇:弓弩(raw=1,sub=1)x1220 | 嵇筠:骑兵(raw=2,sub=10)x769 | 殷晤荫:弓弩(raw=1,sub=1)x1258",3,6
2471613,4,9,"大批资源,",633,1533,,1;4;1,弓弩;战车;弓弩,"邱溪:弓弩(raw=1,sub=1)x1166 | 慎珺:战车(raw=4,sub=10)x878 | 穆绍:弓弩(raw=1,sub=1)x1198",3,6
2471839,4,22,"大批资源,有装备,",688,1652,1064,2;0;1,骑兵;步兵;弓弩,"瞿识醉:骑兵(raw=2,sub=10)x926 | 范元联:步兵(raw=0,sub=6)x1577 | 费邢:弓弩(raw=1,sub=1)x1265",3,18
2466947,4,38,"大批资源,有宝箱,有装备,",589,1578,1064;1064,1;4;0,弓弩;战车;步兵,"司徒松拓:弓弩(raw=1,sub=1)x1147 | 翟自慈:战车(raw=4,sub=4)x518 | 杜卿:步兵(raw=0,sub=6)x1736",3,36
2472095,4,50,"大批资源,",547,1413,,1;4;4,弓弩;战车;战车,"唐冰叡:弓弩(raw=1,sub=1)x1137 | 党晗:战车(raw=4,sub=6)x1719 | 林芮:战车(raw=4,sub=4)x568",3,48
2473056,5,39,"大批资源,有装备,一些宝物,",650,1660,1064;1060,1;4;2,弓弩;战车;骑兵,"鄂醒:弓弩(raw=1,sub=1)x1225 | 蒋晋:战车(raw=4,sub=4)x515 | 钮杉炫:骑兵(raw=2,sub=10)x924",3,36
2467020,6,3,"大批资源,有宝箱,",661,1464,,4;0;0,战车;步兵;步兵,"干晓:战车(raw=4,sub=10)x822 | 谈炫:步兵(raw=0,sub=6)x1571 | 刘容:步兵(raw=0,sub=6)x1519",6,0
2469956,6,17,"大批资源,",678,1631,,1;4;0,弓弩;战车;步兵,"滕晶虞:弓弩(raw=1,sub=1)x1267 | 苏莹:战车(raw=4,sub=1)x1268 | 充颜:步兵(raw=0,sub=6)x1772",6,12
2466560,6,25,"大批资源,有宝箱,",624,1694,1064;14849,0;0;4,步兵;步兵;战车,"管颖:步兵(raw=0,sub=6)x1556 | 林天沁:步兵(raw=0,sub=6)x1740 | 宗正喷嗣:战车(raw=4,sub=10)x823",6,24
2472730,6,39,"大批资源,有宝箱,",597,1498,1064,4;2;0,战车;骑兵;步兵,"鲍捷化:战车(raw=4,sub=4)x508 | 伍燕水:骑兵(raw=2,sub=10)x784 | 雷悦荷:步兵(raw=0,sub=6)x1769",6,36
2469902,6,48,"大批资源,",670,1552,,2;4;4,骑兵;战车;战车,"怀萌:骑兵(raw=2,sub=10)x889 | 相艾:战车(raw=4,sub=10)x765 | 太叔津兴:战车(raw=4,sub=1)x1102",6,48
2472958,7,2,"大批资源,有宝箱,",669,1488,13569,2;4;0,骑兵;战车;步兵,"荆儿:骑兵(raw=2,sub=10)x904 | 长孙涆:战车(raw=4,sub=4)x538 | 穆绿:步兵(raw=0,sub=6)x1666",6,0
2471669,7,4,"大批资源,",626,1691,,2;1;0,骑兵;弓弩;步兵,"尉迟帅:骑兵(raw=2,sub=10)x828 | 贲念珍:弓弩(raw=1,sub=1)x1298 | 台艺翠:步兵(raw=0,sub=6)x1579",6,0
2472749,7,53,"大批资源,有宝箱,",531,1651,1064,2;2;2,骑兵;骑兵;骑兵,"邓纳蔼:骑兵(raw=2,sub=10)x826 | 姜洲:骑兵(raw=2,sub=10)x881 | 阮霖璐:骑兵(raw=2,sub=10)x905",6,48
2468894,9,2,"大批资源,",622,1468,1064,1;0;1,弓弩;步兵;弓弩,"霍阳:弓弩(raw=1,sub=1)x1210 | 卫儿晔:步兵(raw=0,sub=6)x1695 | 吕旷熙:弓弩(raw=1,sub=1)x1209",9,0
2469557,9,4,"大批资源,",518,1431,,4;2;2,战车;骑兵;骑兵,"吴临:战车(raw=4,sub=10)x843 | 项霁:骑兵(raw=2,sub=10)x775 | 滑茗:骑兵(raw=2,sub=10)x852",9,0
2472422,9,5,"大批资源,有宝箱,",578,1560,1064;13569,2;0;1,骑兵;步兵;弓弩,"徐瑜:骑兵(raw=2,sub=10)x801 | 朱北:步兵(raw=0,sub=6)x1785 | 宗政亘:弓弩(raw=1,sub=1)x1168",9,0
2469955,10,2,"大批资源,",597,1586,1064,1;2;4,弓弩;骑兵;战车,"空好:弓弩(raw=1,sub=1)x1142 | 晁岚:骑兵(raw=2,sub=10)x781 | 弘开:战车(raw=4,sub=1)x1251",9,0
2466768,10,5,"大批资源,有装备,",501,1477,,2;0;0,骑兵;步兵;步兵,"陆颜:骑兵(raw=2,sub=10)x808 | 陈本:步兵(raw=0,sub=6)x1525 | 巫马心:步兵(raw=0,sub=6)x1765",9,0
2471462,11,1,"大批资源,",531,1611,1064,4;2;1,战车;骑兵;弓弩,"谈娇颀:战车(raw=4,sub=6)x1759 | 漆雕颖:骑兵(raw=2,sub=10)x827 | 慕邢:弓弩(raw=1,sub=1)x1252",9,0
2470909,11,14,"大批资源,有宝箱,",659,1588,1064,0;1;4,步兵;弓弩;战车,"糜醒:步兵(raw=0,sub=6)x1760 | 居拓:弓弩(raw=1,sub=1)x1293 | 丁颂可:战车(raw=4,sub=10)x884",9,12
2470043,11,21,"大批资源,",637,1454,,1;1;0,弓弩;弓弩;步兵,"李忍:弓弩(raw=1,sub=1)x1179 | 容枫:弓弩(raw=1,sub=1)x1265 | 乐正懋士:步兵(raw=0,sub=6)x1759",9,18
2472425,11,25,"大批资源,有宝箱,",605,1437,,4;2;1,战车;骑兵;弓弩,"包炎:战车(raw=4,sub=4)x589 | 成赋斯:骑兵(raw=2,sub=10)x817 | 唐莫:弓弩(raw=1,sub=1)x1150",9,24
2467766,12,6,"大批资源,有宝箱,",625,1427,,4;1;0,战车;弓弩;步兵,"宫许江:战车(raw=4,sub=10)x802 | 郭识:弓弩(raw=1,sub=1)x1284 | 郑叡菲:步兵(raw=0,sub=6)x1776",12,6
2471615,12,38,"大批资源,有宝箱,有装备,",504,1657,,2;1;1,骑兵;弓弩;弓弩,"路辑海:骑兵(raw=2,sub=10)x817 | 酆听晖:弓弩(raw=1,sub=1)x1199 | 桑可单:弓弩(raw=1,sub=1)x1132",12,36
2471440,12,40,"大批资源,有宝箱,一些宝物,",665,1651,14849;13570,4;0;1,战车;步兵;弓弩,"查深:战车(raw=4,sub=6)x1523 | 梁祯:步兵(raw=0,sub=6)x1539 | 融霁成:弓弩(raw=1,sub=1)x1196",12,36
2466897,12,41,"大批资源,",665,1466,1064,1;0;2,弓弩;步兵;骑兵,"向爽向:弓弩(raw=1,sub=1)x1156 | 乐正小紫:步兵(raw=0,sub=6)x1787 | 余新季:骑兵(raw=2,sub=10)x798",12,36
2469554,13,0,"大批资源,有宝箱,",574,1516,,4;4;4,战车;战车;战车,"屠清:战车(raw=4,sub=10)x806 | 宇文桃小:战车(raw=4,sub=6)x1483 | 武群:战车(raw=4,sub=1)x1281",12,0
2467450,13,16,"大批资源,",530,1696,,2;1;0,骑兵;弓弩;步兵,"尉迟冉濯:骑兵(raw=2,sub=10)x774 | 师郁:弓弩(raw=1,sub=1)x1140 | 段雅怜:步兵(raw=0,sub=6)x1712",12,12
2469776,13,24,"大批资源,有宝箱,",685,1630,1064,2;4;4,骑兵;战车;战车,"姬跃家:骑兵(raw=2,sub=10)x896 | 后溪紫:战车(raw=4,sub=6)x1564 | 经人:战车(raw=4,sub=1)x1246",12,24
2470919,13,42,"大批资源,有宝箱,有装备,",652,1417,16779521,4;1;1,战车;弓弩;弓弩,"昌蓉:战车(raw=4,sub=4)x506 | 俞霜:弓弩(raw=1,sub=1)x1141 | 吕唱淼:弓弩(raw=1,sub=1)x1263",12,42
2469587,13,46,"大批资源,有宝箱,",520,1647,13569,4;4;0,战车;战车;步兵,"骆雯适:战车(raw=4,sub=4)x528 | 虞作:战车(raw=4,sub=4)x586 | 却烟:步兵(raw=0,sub=6)x1452",12,42
2468777,14,1,"大批资源,有宝箱,",531,1503,,4;2;2,战车;骑兵;骑兵,"蓟祈兆:战车(raw=4,sub=1)x1277 | 瞿冰:骑兵(raw=2,sub=10)x771 | 金溪:骑兵(raw=2,sub=10)x778",12,0
2471982,14,9,"大批资源,有宝箱,有装备,",597,1508,13569,2;4;1,骑兵;战车;弓弩,"司空昶:骑兵(raw=2,sub=10)x924 | 滕馨:战车(raw=4,sub=4)x517 | 蒙湛:弓弩(raw=1,sub=1)x1257",12,6
2468960,14,51,"大批资源,有宝箱,",502,1475,14849,2;2;4,骑兵;骑兵;战车,"岑时:骑兵(raw=2,sub=10)x814 | 解寰竹:骑兵(raw=2,sub=10)x879 | 闻采:战车(raw=4,sub=4)x563",12,48
2467017,16,5,"大批资源,有宝箱,",699,1405,14849,4;0;4,战车;步兵;战车,"弘若唱:战车(raw=4,sub=10)x850 | 皮喷然:步兵(raw=0,sub=6)x1791 | 关广军:战车(raw=4,sub=10)x934",15,0
2469050,16,16,"大批资源,",663,1576,,0;2;0,步兵;骑兵;步兵,"单于静顺:步兵(raw=0,sub=6)x1617 | 蔺单我:骑兵(raw=2,sub=10)x913 | 季雨菲:步兵(raw=0,sub=6)x1711",15,12
2471172,16,25,"大批资源,有宝箱,",527,1679,,4;1;0,战车;弓弩;步兵,"居桢:战车(raw=4,sub=1)x1275 | 濮昶玮:弓弩(raw=1,sub=1)x1279 | 党赋:步兵(raw=0,sub=6)x1495",15,24
2470102,16,26,"大批资源,有宝箱,一些宝物,",600,1551,1064,1;4;4,弓弩;战车;战车,"秋璐:弓弩(raw=1,sub=1)x1211 | 敖益:战车(raw=4,sub=10)x795 | 景歌:战车(raw=4,sub=4)x529",15,24
2470621,16,44,"大批资源,",521,1671,,0;4;4,步兵;战车;战车,"沈程:步兵(raw=0,sub=6)x1563 | 霍问:战车(raw=4,sub=6)x1710 | 咸映:战车(raw=4,sub=6)x1790",15,42
2472846,18,47,"大批资源,有宝箱,",590,1407,,0;4;0,步兵;战车;步兵,"嵇慧:步兵(raw=0,sub=6)x1752 | 姜人新:战车(raw=4,sub=1)x1213 | 韶海:步兵(raw=0,sub=6)x1631",18,42
2469146,18,49,"大批资源,",699,1605,,1;1;1,弓弩;弓弩;弓弩,"马卫芮:弓弩(raw=1,sub=1)x1112 | 浦蕴枫:弓弩(raw=1,sub=1)x1152 | 融恩瑞:弓弩(raw=1,sub=1)x1119",18,48
2469650,18,53,"大批资源,",695,1681,,4;4;1,战车;战车;弓弩,"查水:战车(raw=4,sub=10)x939 | 简州:战车(raw=4,sub=6)x1652 | 濮淼:弓弩(raw=1,sub=1)x1163",18,48
2468302,19,11,"大批资源,",532,1618,1064,4;1;0,战车;弓弩;步兵,"卢季:战车(raw=4,sub=4)x541 | 茅宁:弓弩(raw=1,sub=1)x1122 | 苗顺:步兵(raw=0,sub=6)x1431",18,6
2468604,19,18,"大批资源,有宝箱,",575,1573,,4;2;0,战车;骑兵;步兵,"穆濮晤:战车(raw=4,sub=6)x1726 | 鞠好:骑兵(raw=2,sub=10)x893 | 唐明:步兵(raw=0,sub=6)x1585",18,18
2471413,19,22,"大批资源,有宝箱,有装备,",583,1664,1064,0;4;0,步兵;战车;步兵,"韦咏瑜:步兵(raw=0,sub=6)x1458 | 姜季:战车(raw=4,sub=4)x599 | 寿吟:步兵(raw=0,sub=6)x1464",18,18
2472945,19,33,"大批资源,",687,1648,,1;0;0,弓弩;步兵;步兵,"栾兆承:弓弩(raw=1,sub=1)x1105 | 朱振:步兵(raw=0,sub=6)x1407 | 司旷:步兵(raw=0,sub=6)x1660",18,30
2467661,19,37,"大批资源,",624,1423,1064,4;0;2,战车;步兵;骑兵,"广美以:战车(raw=4,sub=4)x512 | 谷范旷:步兵(raw=0,sub=6)x1413 | 申慈骏:骑兵(raw=2,sub=10)x938",18,36
2472925,20,12,"大批资源,有宝箱,有装备,",694,1594,,1;1;2,弓弩;弓弩;骑兵,"华淼:弓弩(raw=1,sub=1)x1137 | 丰鲲:弓弩(raw=1,sub=1)x1155 | 须燕:骑兵(raw=2,sub=10)x814",18,12
2470726,20,48,"大批资源,",608,1657,,2;2;0,骑兵;骑兵;步兵,"萧菲巧:骑兵(raw=2,sub=10)x933 | 丁磊华:骑兵(raw=2,sub=10)x890 | 倪儒:步兵(raw=0,sub=6)x1664",18,48
2468954,21,3,"大批资源,有宝箱,",669,1490,13570,2;0;1,骑兵;步兵;弓弩,"钟翊:骑兵(raw=2,sub=10)x826 | 于紫:步兵(raw=0,sub=6)x1723 | 孙平:弓弩(raw=1,sub=1)x1235",21,0
2472802,21,18,"大批资源,",505,1689,1064,0;4;2,步兵;战车;骑兵,"干宁:步兵(raw=0,sub=6)x1741 | 周祈范:战车(raw=4,sub=6)x1515 | 公西若顺:骑兵(raw=2,sub=10)x822",21,18
2472163,21,40,"大批资源,",682,1481,,4;2;1,战车;骑兵;弓弩,"叶朗:战车(raw=4,sub=1)x1212 | 蒙红含:骑兵(raw=2,sub=10)x857 | 易娥:弓弩(raw=1,sub=1)x1222",21,36
2467805,22,7,"大批资源,有宝箱,",690,1687,1064;1064,1;2;4,弓弩;骑兵;战车,"籍阳良:弓弩(raw=1,sub=1)x1187 | 郝秋柔:骑兵(raw=2,sub=10)x782 | 公西曼爽:战车(raw=4,sub=4)x567",21,6
2470700,22,16,"大批资源,",520,1639,,0;1;4,步兵;弓弩;战车,"詹明:步兵(raw=0,sub=6)x1486 | 养向姮:弓弩(raw=1,sub=1)x1162 | 冉生剑:战车(raw=4,sub=1)x1169",21,12
2469796,22,49,"大批资源,有宝箱,",610,1547,1064;14849,0;0;4,步兵;步兵;战车,"闻人析虞:步兵(raw=0,sub=6)x1625 | 关洁梅:步兵(raw=0,sub=6)x1524 | 郭朝知:战车(raw=4,sub=6)x1612",21,48
2472445,22,52,"大批资源,有宝箱,有装备,",559,1602,16779265,1;4;4,弓弩;战车;战车,"微生斯:弓弩(raw=1,sub=1)x1258 | 龙方朝:战车(raw=4,sub=1)x1244 | 闻人大怡:战车(raw=4,sub=4)x578",21,48
2468574,23,33,"大批资源,",574,1616,,1;2;4,弓弩;骑兵;战车,"满湛之:弓弩(raw=1,sub=1)x1196 | 胡母延:骑兵(raw=2,sub=10)x785 | 尹喆穰:战车(raw=4,sub=4)x560",21,30
2470957,23,48,"大批资源,",679,1419,1064,2;4;1,骑兵;战车;弓弩,"童柏智:骑兵(raw=2,sub=10)x924 | 咸璞:战车(raw=4,sub=4)x501 | 山幻沁:弓弩(raw=1,sub=1)x1208",21,48
2471568,24,13,"大批资源,一些宝物,",539,1567,1064,2;2;4,骑兵;骑兵;战车,"于拯海:骑兵(raw=2,sub=10)x785 | 霍辰笛:骑兵(raw=2,sub=10)x899 | 暴沁:战车(raw=4,sub=4)x596",24,12
2471426,24,43,"大批资源,有宝箱,",619,1495,1064,1;2;2,弓弩;骑兵;骑兵,"司煜:弓弩(raw=1,sub=1)x1164 | 谈果千:骑兵(raw=2,sub=10)x842 | 贝识:骑兵(raw=2,sub=10)x871",24,42
2468019,24,45,"大批资源,",694,1639,,1;2;4,弓弩;骑兵;战车,"宁承儒:弓弩(raw=1,sub=1)x1210 | 闻澜:骑兵(raw=2,sub=10)x875 | 巢岚益:战车(raw=4,sub=4)x508",24,42
2470557,24,49,"大批资源,",563,1431,,1;2;4,弓弩;骑兵;战车,"酆乐:弓弩(raw=1,sub=1)x1293 | 蓬玟:骑兵(raw=2,sub=10)x886 | 梁诩怡:战车(raw=4,sub=6)x1591",24,48
2471249,25,2,"大批资源,",675,1484,,2;2;4,骑兵;骑兵;战车,"丁含羽:骑兵(raw=2,sub=10)x764 | 隆我:骑兵(raw=2,sub=10)x839 | 都宁懿:战车(raw=4,sub=6)x1680",24,0
2471239,25,14,"大批资源,",658,1662,,0;1;0,步兵;弓弩;步兵,"范莲:步兵(raw=0,sub=6)x1514 | 双立:弓弩(raw=1,sub=1)x1136 | 广秋:步兵(raw=0,sub=6)x1795",24,12
2470379,25,33,"大批资源,",507,1460,,4;0;4,战车;步兵;战车,"双朝小:战车(raw=4,sub=4)x540 | 邓凌悦:步兵(raw=0,sub=6)x1564 | 许复:战车(raw=4,sub=6)x1640",24,30
2471005,25,48,"大批资源,有宝箱,",508,1577,13570;14849,4;2;1,战车;骑兵;弓弩,"昌湃:战车(raw=4,sub=4)x516 | 鞠广:骑兵(raw=2,sub=10)x796 | 廖美:弓弩(raw=1,sub=1)x1200",24,48
2470811,26,1,"大批资源,有宝箱,",537,1677,1064;13569,1;4;1,弓弩;战车;弓弩,"巴龙:弓弩(raw=1,sub=1)x1220 | 阙绍:战车(raw=4,sub=4)x505 | 戈用:弓弩(raw=1,sub=1)x1266",24,0
2471708,26,14,"大批资源,有宝箱,",639,1605,14849,4;2;1,战车;骑兵;弓弩,"家今:战车(raw=4,sub=1)x1108 | 莘温:骑兵(raw=2,sub=10)x766 | 邬岚雁:弓弩(raw=1,sub=1)x1196",24,12
2466503,26,16,"大批资源,有装备,",639,1545,1056,2;4;2,骑兵;战车;骑兵,"闻人寻:骑兵(raw=2,sub=10)x798 | 薄琪:战车(raw=4,sub=10)x910 | 莘宇清:骑兵(raw=2,sub=10)x846",24,12
2472808,26,24,"大批资源,有装备,",571,1617,1064;16787969,4;1;2,战车;弓弩;骑兵,"危拓:战车(raw=4,sub=4)x572 | 凤闻:弓弩(raw=1,sub=1)x1132 | 惠昂:骑兵(raw=2,sub=10)x796",24,24
2468128,27,9,"大批资源,",639,1515,,4;4;1,战车;战车;弓弩,"崔磊尝:战车(raw=4,sub=6)x1549 | 欧阳泽思:战车(raw=4,sub=4)x590 | 江禹长:弓弩(raw=1,sub=1)x1276",27,6
2466852,27,24,"大批资源,有宝箱,",512,1614,1059,0;0;1,步兵;步兵;弓弩,"周菱:步兵(raw=0,sub=6)x1519 | 施之:步兵(raw=0,sub=6)x1595 | 巫南群:弓弩(raw=1,sub=1)x1170",27,24
2469572,27,39,"大批资源,有宝箱,",657,1452,1064,1;0;4,弓弩;步兵;战车,"乐正栩沁:弓弩(raw=1,sub=1)x1245 | 仰芮碧:步兵(raw=0,sub=6)x1529 | 龚豪璨:战车(raw=4,sub=4)x538",27,36
2471076,27,43,"大批资源,一些宝物,",661,1461,,4;0;1,战车;步兵;弓弩,"羊丰墨:战车(raw=4,sub=10)x911 | 上官群:步兵(raw=0,sub=6)x1488 | 凌荷:弓弩(raw=1,sub=1)x1173",27,42
2470920,27,51,"大批资源,有装备,",603,1691,1063,0;1;0,步兵;弓弩;步兵,"仲风湛:步兵(raw=0,sub=6)x1643 | 别鸥偲:弓弩(raw=1,sub=1)x1228 | 仰吟:步兵(raw=0,sub=6)x1536",27,48
2468370,28,13,"大批资源,有宝箱,",519,1600,14849;1064,0;1;0,步兵;弓弩;步兵,"却宇:步兵(raw=0,sub=6)x1563 | 胥芮倪:弓弩(raw=1,sub=1)x1195 | 鱼初迈:步兵(raw=0,sub=6)x1482",27,12
2469386,29,5,"大批资源,",655,1623,1064,2;1;1,骑兵;弓弩;弓弩,"杜璧:骑兵(raw=2,sub=10)x889 | 闻人漠:弓弩(raw=1,sub=1)x1299 | 曹牙阳:弓弩(raw=1,sub=1)x1247",27,0
2466435,29,19,"大批资源,",628,1553,,2;4;4,骑兵;战车;战车,"季滨邢:骑兵(raw=2,sub=10)x765 | 邱开简:战车(raw=4,sub=4)x554 | 狄彦松:战车(raw=4,sub=10)x825",27,18
2471129,29,34,"大批资源,有宝箱,有装备,",651,1631,1064,0;0;4,步兵;步兵;战车,"梁艾:步兵(raw=0,sub=6)x1666 | 籍洲潇:步兵(raw=0,sub=6)x1527 | 阮炎厚:战车(raw=4,sub=4)x593",27,30
2467912,30,19,"大批资源,有宝箱,",611,1634,1064;1064,4;4;4,战车;战车;战车,"顾蕊:战车(raw=4,sub=1)x1161 | 梁丘醉:战车(raw=4,sub=4)x500 | 滑月:战车(raw=4,sub=4)x538",30,18
2468010,30,48,"大批资源,",672,1454,1064,0;4;1,步兵;战车;弓弩,"籍路叡:步兵(raw=0,sub=6)x1604 | 赖教玉:战车(raw=4,sub=4)x514 | 段曼娇:弓弩(raw=1,sub=1)x1181",30,48
2471938,31,7,"大批资源,有宝箱,",651,1588,,4;2;0,战车;骑兵;步兵,"上官韶:战车(raw=4,sub=1)x1197 | 彭悟艾:骑兵(raw=2,sub=10)x792 | 明涉:步兵(raw=0,sub=6)x1561",30,6
2467730,31,13,"大批资源,有宝箱,",530,1558,13569,2;0;4,骑兵;步兵;战车,"余馨彤:骑兵(raw=2,sub=10)x925 | 夏诗:步兵(raw=0,sub=6)x1487 | 隆淼:战车(raw=4,sub=6)x1702",30,12
2467606,31,16,"大批资源,",523,1549,,2;0;0,骑兵;步兵;步兵,"苍鹤:骑兵(raw=2,sub=10)x929 | 厉千:步兵(raw=0,sub=6)x1550 | 须黛:步兵(raw=0,sub=6)x1720",30,12
2469342,31,20,"大批资源,有宝箱,一些宝物,",525,1610,14849,1;2;4,弓弩;骑兵;战车,"步彩中:弓弩(raw=1,sub=1)x1156 | 隗荡访:骑兵(raw=2,sub=10)x760 | 曲城锦:战车(raw=4,sub=6)x1451",30,18
2467672,32,11,"大批资源,",644,1474,1064,4;2;2,战车;骑兵;骑兵,"尉迟丰:战车(raw=4,sub=4)x523 | 雷琪:骑兵(raw=2,sub=10)x920 | 乐杉栩:骑兵(raw=2,sub=10)x876",30,6
2469439,32,13,"大批资源,有宝箱,",519,1607,,4;1;0,战车;弓弩;步兵,"柳佑:战车(raw=4,sub=4)x570 | 惠莫:弓弩(raw=1,sub=1)x1119 | 经项:步兵(raw=0,sub=6)x1428",30,12
2472650,32,31,"大批资源,有宝箱,",635,1417,,4;2;4,战车;骑兵;战车,"能怡:战车(raw=4,sub=4)x592 | 冉琢启:骑兵(raw=2,sub=10)x880 | 简朝拓:战车(raw=4,sub=6)x1744",30,30
2472680,34,4,"大批资源,",693,1674,,1;1;1,弓弩;弓弩;弓弩,"容瑞:弓弩(raw=1,sub=1)x1146 | 谈冬:弓弩(raw=1,sub=1)x1283 | 柯寒瑾:弓弩(raw=1,sub=1)x1100",33,0
2466687,34,46,"大批资源,有宝箱,",572,1616,14849;1064,2;2;4,骑兵;骑兵;战车,"云捷:骑兵(raw=2,sub=10)x937 | 秋与岑:骑兵(raw=2,sub=10)x872 | 张容:战车(raw=4,sub=10)x908",33,42
2470082,34,49,"大批资源,有宝箱,",546,1694,,2;2;0,骑兵;骑兵;步兵,"扈珊楠:骑兵(raw=2,sub=10)x858 | 戚浚琛:骑兵(raw=2,sub=10)x804 | 贝策慨:步兵(raw=0,sub=6)x1722",33,48
2470332,35,38,"大批资源,有宝箱,有装备,",694,1515,16790273,1;0;4,弓弩;步兵;战车,"訾访丰:弓弩(raw=1,sub=1)x1174 | 米资:步兵(raw=0,sub=6)x1519 | 丰菱宛:战车(raw=4,sub=4)x520",33,36
2469009,36,3,"大批资源,有宝箱,",557,1520,,4;2;2,战车;骑兵;骑兵,"郦和:战车(raw=4,sub=4)x590 | 乜葱:骑兵(raw=2,sub=10)x868 | 湛如闻:骑兵(raw=2,sub=10)x783",36,0
2468531,36,21,"大批资源,有宝箱,一些宝物,",528,1619,13570;3073,4;2;4,战车;骑兵;战车,"越菡:战车(raw=4,sub=4)x513 | 荀楠豇:骑兵(raw=2,sub=10)x918 | 祖丹:战车(raw=4,sub=6)x1797",36,18
2469038,36,42,"大批资源,",694,1656,,4;2;4,战车;骑兵;战车,"施旋:战车(raw=4,sub=6)x1476 | 姚魁舟:骑兵(raw=2,sub=10)x781 | 童香雨:战车(raw=4,sub=4)x524",36,42
2470848,36,53,"大批资源,有宝箱,",661,1507,,4;0;1,战车;步兵;弓弩,"许沉墨:战车(raw=4,sub=4)x512 | 乌楚:步兵(raw=0,sub=6)x1514 | 仲长璐:弓弩(raw=1,sub=1)x1123",36,48
2472623,36,54,"大批资源,有装备,",689,1525,1064;1064,0;4;4,步兵;战车;战车,"戴寰浩:步兵(raw=0,sub=6)x1542 | 何蓉桃:战车(raw=4,sub=10)x766 | 常斌:战车(raw=4,sub=6)x1404",36,54
2472663,37,29,"大批资源,有宝箱,",513,1461,1064;1064,2;1;0,骑兵;弓弩;步兵,"丛生问:骑兵(raw=2,sub=10)x823 | 鲁璨:弓弩(raw=1,sub=1)x1122 | 单于宇方:步兵(raw=0,sub=6)x1712",36,24
2466724,37,45,"大批资源,有宝箱,有装备,",661,1625,14849,0;2;1,步兵;骑兵;弓弩,"弓洲:步兵(raw=0,sub=6)x1491 | 苏年亭:骑兵(raw=2,sub=10)x855 | 慎阵伟:弓弩(raw=1,sub=1)x1255",36,42
2469064,38,19,"大批资源,有宝箱,",566,1652,,1;2;0,弓弩;骑兵;步兵,"汲雅:弓弩(raw=1,sub=1)x1264 | 倪靖澄:骑兵(raw=2,sub=10)x857 | 公羊春:步兵(raw=0,sub=6)x1408",36,18
2468277,38,38,"大批资源,",502,1470,1064;1064,4;0;1,战车;步兵;弓弩,"鲍韦全:战车(raw=4,sub=4)x511 | 亓官与雯:步兵(raw=0,sub=6)x1667 | 越泓:弓弩(raw=1,sub=1)x1150",36,36
2471385,39,20,"大批资源,",665,1609,,0;1;2,步兵;弓弩;骑兵,"梁丘穰:步兵(raw=0,sub=6)x1708 | 冷豆:弓弩(raw=1,sub=1)x1275 | 水和萱:骑兵(raw=2,sub=10)x867",39,18
2470008,39,21,"大批资源,有宝箱,",549,1407,1064;14849,4;1;4,战车;弓弩;战车,"柴星蕴:战车(raw=4,sub=4)x540 | 申屠荷简:弓弩(raw=1,sub=1)x1266 | 蔺采:战车(raw=4,sub=4)x574",39,18
2471007,39,31,"大批资源,有宝箱,",528,1695,1064,0;0;0,步兵;步兵;步兵,"戎秋:步兵(raw=0,sub=6)x1566 | 雍春:步兵(raw=0,sub=6)x1795 | 孟军:步兵(raw=0,sub=6)x1706",36,30
2466810,39,38,"大批资源,",519,1678,,0;1;1,步兵;弓弩;弓弩,"霍艺:步兵(raw=0,sub=6)x1758 | 上官寒晋:弓弩(raw=1,sub=1)x1300 | 顾炎:弓弩(raw=1,sub=1)x1141",39,36
2468932,39,45,"大批资源,",509,1553,,0;1;1,步兵;弓弩;弓弩,"申屠皓卿:步兵(raw=0,sub=6)x1541 | 邓泉浚:弓弩(raw=1,sub=1)x1147 | 丰泽楚:弓弩(raw=1,sub=1)x1295",39,42
2468501,39,53,"大批资源,有宝箱,",669,1523,1064;1064,2;4;4,骑兵;战车;战车,"淳于振:骑兵(raw=2,sub=10)x867 | 窦羽皓:战车(raw=4,sub=4)x579 | 家友:战车(raw=4,sub=4)x568",39,48
2471198,40,19,"大批资源,",570,1633,1064,0;4;4,步兵;战车;战车,"崔莹春:步兵(raw=0,sub=6)x1598 | 乌怜姝:战车(raw=4,sub=4)x518 | 皇甫霁齐:战车(raw=4,sub=10)x775",39,18
2470952,40,44,"大批资源,有宝箱,",579,1669,,4;0;2,战车;步兵;骑兵,"怀杉:战车(raw=4,sub=4)x543 | 赖贞:步兵(raw=0,sub=6)x1696 | 施竹:骑兵(raw=2,sub=10)x901",39,42
2470581,40,45,"大批资源,有宝箱,",612,1503,,2;4;0,骑兵;战车;步兵,"须亦:骑兵(raw=2,sub=10)x858 | 范厚:战车(raw=4,sub=6)x1557 | 谢瑜:步兵(raw=0,sub=6)x1400",39,42
2471725,40,53,"大批资源,",612,1548,,0;2;2,步兵;骑兵;骑兵,"叶郁蓄:步兵(raw=0,sub=6)x1767 | 蔚芸红:骑兵(raw=2,sub=10)x826 | 暴从:骑兵(raw=2,sub=10)x864",39,48
2472735,40,54,"大批资源,有宝箱,",647,1642,1058;14849,2;1;4,骑兵;弓弩;战车,"孟好:骑兵(raw=2,sub=10)x925 | 屠津闻:弓弩(raw=1,sub=1)x1268 | 柯曦艺:战车(raw=4,sub=6)x1485",39,54
2467145,42,25,"大批资源,",669,1694,1064,1;4;1,弓弩;战车;弓弩,"陶合:弓弩(raw=1,sub=1)x1211 | 乐秋美:战车(raw=4,sub=4)x577 | 太叔映:弓弩(raw=1,sub=1)x1130",42,24
2467083,42,31,"大批资源,有宝箱,",530,1607,,4;2;2,战车;骑兵;骑兵,"屠旎:战车(raw=4,sub=10)x924 | 南门钋茂:骑兵(raw=2,sub=10)x804 | 姜宝教:骑兵(raw=2,sub=10)x760",42,30
2469772,42,50,"大批资源,有宝箱,",644,1691,14849,4;2;0,战车;骑兵;步兵,"轩辕路夜:战车(raw=4,sub=4)x573 | 幸荫绪:骑兵(raw=2,sub=10)x904 | 亓官钋方:步兵(raw=0,sub=6)x1632",42,48
2469100,42,51,"大批资源,有宝箱,",698,1559,,4;1;2,战车;弓弩;骑兵,"南宫淑玮:战车(raw=4,sub=6)x1517 | 厉绍曼:弓弩(raw=1,sub=1)x1112 | 慎初:骑兵(raw=2,sub=10)x928",42,48
2471685,43,11,"大批资源,",514,1414,,2;4;0,骑兵;战车;步兵,"养婉玮:骑兵(raw=2,sub=10)x763 | 家航明:战车(raw=4,sub=1)x1225 | 华玟:步兵(raw=0,sub=6)x1545",42,6
2472725,43,26,"大批资源,有宝箱,",514,1594,,2;1;1,骑兵;弓弩;弓弩,"宣格禹:骑兵(raw=2,sub=10)x844 | 陶锖:弓弩(raw=1,sub=1)x1178 | 蒙枫:弓弩(raw=1,sub=1)x1298",42,24
2467884,43,51,"大批资源,有宝箱,",501,1457,1064;13569,4;1;2,战车;弓弩;骑兵,"庄晗游:战车(raw=4,sub=4)x502 | 宇文智:弓弩(raw=1,sub=1)x1194 | 劳骄:骑兵(raw=2,sub=10)x881",42,48
2469121,43,53,"大批资源,有宝箱,",639,1497,1064,0;1;4,步兵;弓弩;战车,"闻人捷绍:步兵(raw=0,sub=6)x1470 | 丁荫:弓弩(raw=1,sub=1)x1152 | 柯邦笛:战车(raw=4,sub=10)x817",42,48
2471088,44,49,"大批资源,有宝箱,",648,1600,14849,0;2;4,步兵;骑兵;战车,"庚幼:步兵(raw=0,sub=6)x1736 | 双和:骑兵(raw=2,sub=10)x921 | 田栩楚:战车(raw=4,sub=6)x1666",42,48
2469331,45,19,"大批资源,有宝箱,",503,1643,,4;2;0,战车;骑兵;步兵,"葛亘骄:战车(raw=4,sub=4)x522 | 仇开石:骑兵(raw=2,sub=10)x791 | 吉红:步兵(raw=0,sub=6)x1799",45,18
2468371,45,40,"大批资源,有宝箱,",618,1457,14849,2;4;4,骑兵;战车;战车,"籍双:骑兵(raw=2,sub=10)x900 | 骆发:战车(raw=4,sub=6)x1603 | 胥年叡:战车(raw=4,sub=4)x528",45,36
2471880,45,45,"大批资源,有宝箱,",568,1659,1064,0;2;1,步兵;骑兵;弓弩,"宇文江:步兵(raw=0,sub=6)x1668 | 闵之菲:骑兵(raw=2,sub=10)x856 | 魏自:弓弩(raw=1,sub=1)x1134",45,42
2469393,45,49,"大批资源,有宝箱,",663,1477,14849;13570,4;2;2,战车;骑兵;骑兵,"敖谷炫:战车(raw=4,sub=1)x1177 | 申屠峯:骑兵(raw=2,sub=10)x776 | 微生柔:骑兵(raw=2,sub=10)x844",45,48
2470493,46,9,"大批资源,有宝箱,",528,1458,1064,0;2;4,步兵;骑兵;战车,"纪婕:步兵(raw=0,sub=6)x1767 | 司寇苑:骑兵(raw=2,sub=10)x821 | 却业醉:战车(raw=4,sub=6)x1682",45,6
2467375,46,29,"大批资源,有装备,",560,1656,1064;16785409,2;4;0,骑兵;战车;步兵,"殴甫:骑兵(raw=2,sub=10)x764 | 谷基:战车(raw=4,sub=10)x795 | 古采:步兵(raw=0,sub=6)x1403",45,24
2468699,46,35,"大批资源,有宝箱,",700,1601,1064,4;4;2,战车;战车;骑兵,"张烁畅:战车(raw=4,sub=10)x865 | 俞熏:战车(raw=4,sub=4)x593 | 昝晶:骑兵(raw=2,sub=10)x777",45,30
2473065,46,37,"大批资源,有宝箱,",696,1419,13569,0;0;2,步兵;步兵;骑兵,"郑合:步兵(raw=0,sub=6)x1796 | 鞠小颖:步兵(raw=0,sub=6)x1565 | 巫合:骑兵(raw=2,sub=10)x860",45,36
2469364,46,47,"大批资源,有宝箱,",569,1605,,1;4;4,弓弩;战车;战车,"姚皓馨:弓弩(raw=1,sub=1)x1169 | 裴清:战车(raw=4,sub=6)x1406 | 蒲韦:战车(raw=4,sub=4)x578",45,42
2466736,46,52,"大批资源,有宝箱,",646,1422,1064,4;0;0,战车;步兵;步兵,"葛识妙:战车(raw=4,sub=6)x1622 | 毕彦:步兵(raw=0,sub=6)x1441 | 詹悌:步兵(raw=0,sub=6)x1518",45,48
2470107,47,0,"大批资源,",602,1505,,4;0;4,战车;步兵;战车,"殷单丝:战车(raw=4,sub=4)x561 | 蒙祥晋:步兵(raw=0,sub=6)x1414 | 闻人源:战车(raw=4,sub=1)x1186",45,0
2471080,47,33,"大批资源,有宝箱,",621,1644,1064;1064,1;0;4,弓弩;步兵;战车,"朱自霜:弓弩(raw=1,sub=1)x1138 | 冷惠君:步兵(raw=0,sub=6)x1636 | 饶洁:战车(raw=4,sub=1)x1235",45,30
2472530,48,6,"大批资源,有宝箱,",691,1535,13570;1064,4;2;1,战车;骑兵;弓弩,"杭皓唱:战车(raw=4,sub=4)x519 | 周年:骑兵(raw=2,sub=10)x808 | 东方翊:弓弩(raw=1,sub=1)x1231",48,6
2467984,48,36,"大批资源,有宝箱,",627,1548,,0;1;1,步兵;弓弩;弓弩,"贝云:步兵(raw=0,sub=6)x1464 | 家吟昶:弓弩(raw=1,sub=1)x1246 | 索智:弓弩(raw=1,sub=1)x1116",48,36
2466945,48,38,"大批资源,有宝箱,",559,1526,,1;4;0,弓弩;战车;步兵,"劳荡:弓弩(raw=1,sub=1)x1143 | 蒙雅若:战车(raw=4,sub=4)x546 | 祁瑜:步兵(raw=0,sub=6)x1497",48,36
2469037,48,51,"大批资源,有宝箱,",691,1458,,2;4;1,骑兵;战车;弓弩,"殳访:骑兵(raw=2,sub=10)x865 | 段颀:战车(raw=4,sub=4)x596 | 晏访妙:弓弩(raw=1,sub=1)x1234",48,48
2472800,49,0,"大批资源,",597,1585,,2;0;4,骑兵;步兵;战车,"虞萌:骑兵(raw=2,sub=10)x922 | 刁亦叡:步兵(raw=0,sub=6)x1538 | 黄锦槐:战车(raw=4,sub=6)x1729",48,0
2469270,49,2,"大批资源,",529,1503,,2;4;4,骑兵;战车;战车,"钱礼:骑兵(raw=2,sub=10)x792 | 屠艺娇:战车(raw=4,sub=4)x530 | 蒋懿祖:战车(raw=4,sub=10)x874",48,0
2472174,49,28,"大批资源,",659,1593,1064;1057,2;2;4,骑兵;骑兵;战车,"暴鑫听:骑兵(raw=2,sub=10)x907 | 索云全:骑兵(raw=2,sub=10)x808 | 红湛路:战车(raw=4,sub=4)x551",48,24
2471262,49,32,"大批资源,有宝箱,有装备,",551,1674,,0;1;2,步兵;弓弩;骑兵,"王怡:步兵(raw=0,sub=6)x1781 | 向朝:弓弩(raw=1,sub=1)x1262 | 危虹默:骑兵(raw=2,sub=10)x892",48,30
2467023,49,34,"大批资源,有宝箱,",681,1468,14849;1064,0;2;1,步兵;骑兵;弓弩,"束玥:步兵(raw=0,sub=6)x1679 | 宣专资:骑兵(raw=2,sub=10)x924 | 杭岚:弓弩(raw=1,sub=1)x1170",48,30
2467519,49,39,"大批资源,",560,1481,1064,1;4;4,弓弩;战车;战车,"荆懿唱:弓弩(raw=1,sub=1)x1153 | 谢谊:战车(raw=4,sub=4)x544 | 柴今觅:战车(raw=4,sub=10)x767",48,36
2470711,50,3,"大批资源,有宝箱,",513,1572,13569,4;2;0,战车;骑兵;步兵,"终昱圆:战车(raw=4,sub=1)x1136 | 幸靖:骑兵(raw=2,sub=10)x917 | 劳慈:步兵(raw=0,sub=6)x1685",48,0
2468889,50,6,"大批资源,有宝箱,",668,1641,14849;1064,0;0;0,步兵;步兵;步兵,"阮静:步兵(raw=0,sub=6)x1657 | 宦南:步兵(raw=0,sub=6)x1479 | 韦年:步兵(raw=0,sub=6)x1626",48,6
2469184,50,18,"大批资源,",600,1453,1064,4;0;2,战车;步兵;骑兵,"双本夫:战车(raw=4,sub=1)x1217 | 邢德章:步兵(raw=0,sub=6)x1657 | 司徒蔼鹂:骑兵(raw=2,sub=10)x767",48,18
2467209,50,28,"大批资源,有宝箱,一些宝物,",652,1413,14849;14849,0;4;0,步兵;战车;步兵,"司马双悦:步兵(raw=0,sub=6)x1505 | 幸朝:战车(raw=4,sub=1)x1162 | 郦倪:步兵(raw=0,sub=6)x1495",48,24
2470632,50,42,"大批资源,",627,1672,,0;4;4,步兵;战车;战车,"高千:步兵(raw=0,sub=6)x1478 | 贝辉辑:战车(raw=4,sub=4)x592 | 闵海:战车(raw=4,sub=4)x534",48,42
2471731,50,45,"大批资源,有宝箱,一些宝物,",572,1480,13570,4;0;4,战车;步兵;战车,"司徒振彤:战车(raw=4,sub=10)x883 | 习惜燕:步兵(raw=0,sub=6)x1745 | 焦嗣:战车(raw=4,sub=1)x1182",48,42
2472347,50,48,"大批资源,有宝箱,",538,1559,1064,2;0;0,骑兵;步兵;步兵,"谷瑜:骑兵(raw=2,sub=10)x872 | 萧鑫吟:步兵(raw=0,sub=6)x1499 | 温树纳:步兵(raw=0,sub=6)x1516",48,48
2469763,51,1,"大批资源,有宝箱,",671,1464,1064;13569,4;0;2,战车;步兵;骑兵,"鲍拔:战车(raw=4,sub=10)x910 | 闵豪:步兵(raw=0,sub=6)x1400 | 隗权颜:骑兵(raw=2,sub=10)x907",51,0
2472375,51,49,"大批资源,",696,1664,,2;0;4,骑兵;步兵;战车,"席阳岑:骑兵(raw=2,sub=10)x929 | 卜勤:步兵(raw=0,sub=6)x1455 | 茅从:战车(raw=4,sub=1)x1278",51,48
2466905,51,50,"大批资源,有宝箱,",692,1489,,0;0;4,步兵;步兵;战车,"熊儿:步兵(raw=0,sub=6)x1487 | 东岚含:步兵(raw=0,sub=6)x1541 | 巢慈墨:战车(raw=4,sub=4)x572",51,48
2468770,52,3,"大批资源,有宝箱,",569,1422,1064;13569,0;4;0,步兵;战车;步兵,"牧斯:步兵(raw=0,sub=6)x1438 | 宫萍:战车(raw=4,sub=4)x531 | 童悦冬:步兵(raw=0,sub=6)x1624",51,0
2470617,52,9,"大批资源,",685,1602,1064,0;2;4,步兵;骑兵;战车,"景逸魁:步兵(raw=0,sub=6)x1435 | 岑芮:骑兵(raw=2,sub=10)x901 | 季勃:战车(raw=4,sub=4)x577",51,6
2467420,52,10,"大批资源,",638,1557,,2;2;0,骑兵;骑兵;步兵,"艾慈:骑兵(raw=2,sub=10)x798 | 牛羽:骑兵(raw=2,sub=10)x888 | 邬涤虞:步兵(raw=0,sub=6)x1522",51,6
2473118,52,43,"大批资源,有宝箱,",538,1400,,4;1;1,战车;弓弩;弓弩,"程冰:战车(raw=4,sub=10)x880 | 侯如若:弓弩(raw=1,sub=1)x1144 | 欧阳从:弓弩(raw=1,sub=1)x1226",51,42
2473115,53,50,"大批资源,有宝箱,",644,1476,14849,4;1;4,战车;弓弩;战车,"西门奕:战车(raw=4,sub=4)x550 | 毋淼:弓弩(raw=1,sub=1)x1112 | 安邪:战车(raw=4,sub=6)x1644",51,48
2472506,53,54,"大批资源,有宝箱,",697,1591,13570;13569,1;1;2,弓弩;弓弩;骑兵,"查峥煜:弓弩(raw=1,sub=1)x1194 | 酆鹍策:弓弩(raw=1,sub=1)x1123 | 冀壤璞:骑兵(raw=2,sub=10)x841",51,54
2468079,54,9,"大批资源,有宝箱,",641,1684,1064,4;1;0,战车;弓弩;步兵,"滑喷:战车(raw=4,sub=6)x1489 | 殷娇:弓弩(raw=1,sub=1)x1287 | 柯游:步兵(raw=0,sub=6)x1725",54,6
2468276,54,34,"大批资源,有宝箱,有装备,",665,1430,,0;1;0,步兵;弓弩;步兵,"晏沁桂:步兵(raw=0,sub=6)x1445 | 曾夏:弓弩(raw=1,sub=1)x1100 | 邵娇双:步兵(raw=0,sub=6)x1467",54,30
2471703,55,4,"大批资源,有宝箱,",510,1424,,2;2;2,骑兵;骑兵;骑兵,"车正城:骑兵(raw=2,sub=10)x875 | 凤悦彤:骑兵(raw=2,sub=10)x798 | 濮阳致:骑兵(raw=2,sub=10)x766",54,0
2471090,55,12,"大批资源,有宝箱,",517,1559,1062;1064,1;0;4,弓弩;步兵;战车,"齐敏晗:弓弩(raw=1,sub=1)x1229 | 公良庸承:步兵(raw=0,sub=6)x1745 | 车正常:战车(raw=4,sub=6)x1488",54,12
2472792,55,17,"大批资源,",534,1617,,4;0;0,战车;步兵;步兵,"宇文冉颜:战车(raw=4,sub=4)x527 | 索莫佑:步兵(raw=0,sub=6)x1407 | 幸福:步兵(raw=0,sub=6)x1756",54,12
2468003,55,24,"大批资源,",692,1448,1064;1064,4;2;2,战车;骑兵;骑兵,"那裕:战车(raw=4,sub=4)x570 | 金宾:骑兵(raw=2,sub=10)x769 | 何擎:骑兵(raw=2,sub=10)x888",54,24
2470884,56,7,"大批资源,有宝箱,",640,1515,1064,1;4;2,弓弩;战车;骑兵,"巫实:弓弩(raw=1,sub=1)x1237 | 钟离嫒以:战车(raw=4,sub=4)x583 | 荣源莫:骑兵(raw=2,sub=10)x861",54,6
2467530,56,23,"大批资源,",652,1582,,4;1;0,战车;弓弩;步兵,"养笛:战车(raw=4,sub=4)x513 | 广香:弓弩(raw=1,sub=1)x1238 | 柯紫:步兵(raw=0,sub=6)x1709",54,18
2467889,56,30,"大批资源,有宝箱,有装备,",589,1626,,4;0;0,战车;步兵;步兵,"昝珺程:战车(raw=4,sub=4)x586 | 尹绍:步兵(raw=0,sub=6)x1652 | 时彤:步兵(raw=0,sub=6)x1579",54,30
2466652,57,21,"大批资源,一些宝物,",640,1579,3073,2;0;2,骑兵;步兵;骑兵,"邵南耀:骑兵(raw=2,sub=10)x883 | 西门菲:步兵(raw=0,sub=6)x1557 | 裴宛:骑兵(raw=2,sub=10)x904",57,18
2467016,57,55,"大批资源,有宝箱,一些宝物,",537,1456,,1;0;2,弓弩;步兵;骑兵,"别名:弓弩(raw=1,sub=1)x1176 | 唐意:步兵(raw=0,sub=6)x1515 | 徐美惠:骑兵(raw=2,sub=10)x876",57,54
2472406,58,0,"大批资源,有宝箱,有装备,",665,1532,,0;1;1,步兵;弓弩;弓弩,"戚代悦:步兵(raw=0,sub=6)x1493 | 江皓闰:弓弩(raw=1,sub=1)x1123 | 崔语鸿:弓弩(raw=1,sub=1)x1100",57,0
2468605,58,2,"大批资源,有宝箱,",629,1413,1064,4;1;2,战车;弓弩;骑兵,"亓官宛:战车(raw=4,sub=4)x538 | 仲长亘:弓弩(raw=1,sub=1)x1283 | 应群荣:骑兵(raw=2,sub=10)x781",57,0
2472104,58,9,"大批资源,",561,1618,,0;4;1,步兵;战车;弓弩,"喻娇:步兵(raw=0,sub=6)x1739 | 尚范薄:战车(raw=4,sub=1)x1165 | 程化心:弓弩(raw=1,sub=1)x1262",57,6
2473104,58,11,"大批资源,有宝箱,一些宝物,",553,1449,13569,0;1;2,步兵;弓弩;骑兵,"邴擎:步兵(raw=0,sub=6)x1400 | 程韵:弓弩(raw=1,sub=1)x1101 | 余倪:骑兵(raw=2,sub=10)x824",57,6
2471900,58,22,"大批资源,",536,1545,,0;4;0,步兵;战车;步兵,"易泰郁:步兵(raw=0,sub=6)x1595 | 雷鸥临:战车(raw=4,sub=4)x573 | 步双:步兵(raw=0,sub=6)x1647",57,18
2472877,58,47,"大批资源,有宝箱,",530,1635,14849,0;0;4,步兵;步兵;战车,"裴常溪:步兵(raw=0,sub=6)x1722 | 韶季:步兵(raw=0,sub=6)x1409 | 倪冠毅:战车(raw=4,sub=6)x1574",57,42
2470260,59,1,"大批资源,一些宝物,",594,1450,3073;1064,0;2;4,步兵;骑兵;战车,"惠家:步兵(raw=0,sub=6)x1591 | 却兴:骑兵(raw=2,sub=10)x830 | 狄灵山:战车(raw=4,sub=4)x554",57,0
2470807,59,3,"大批资源,有宝箱,",561,1477,1064;13570,0;2;1,步兵;骑兵;弓弩,"奚嗣:步兵(raw=0,sub=6)x1550 | 孟娴:骑兵(raw=2,sub=10)x826 | 沙捷虹:弓弩(raw=1,sub=1)x1117",57,0
2470061,59,54,"大批资源,有宝箱,",563,1696,14849,0;4;4,步兵;战车;战车,"郗玉:步兵(raw=0,sub=6)x1642 | 廖翊:战车(raw=4,sub=4)x514 | 桑勤:战车(raw=4,sub=6)x1663",57,54
2470501,60,9,"大批资源,",648,1617,,0;1;4,步兵;弓弩;战车,"松钋虹:步兵(raw=0,sub=6)x1770 | 昝方:弓弩(raw=1,sub=1)x1194 | 聂骄:战车(raw=4,sub=6)x1742",60,6
2472098,60,12,"大批资源,",655,1488,,1;4;4,弓弩;战车;战车,"熊楠蝶:弓弩(raw=1,sub=1)x1180 | 封蔚:战车(raw=4,sub=10)x770 | 向周:战车(raw=4,sub=6)x1473",60,12
2469781,60,41,"大批资源,有宝箱,",603,1610,13570,2;1;0,骑兵;弓弩;步兵,"钭闻:骑兵(raw=2,sub=10)x856 | 席权冰:弓弩(raw=1,sub=1)x1293 | 宇文斌楚:步兵(raw=0,sub=6)x1710",60,36
2470401,61,9,"大批资源,",686,1578,,2;4;2,骑兵;战车;骑兵,"单于柳:骑兵(raw=2,sub=10)x931 | 羿尧全:战车(raw=4,sub=4)x577 | 龙悌:骑兵(raw=2,sub=10)x886",60,6
2469788,61,10,"大批资源,有宝箱,",656,1634,13569,4;4;1,战车;战车;弓弩,"凌墨昶:战车(raw=4,sub=4)x533 | 濮阳雁:战车(raw=4,sub=4)x545 | 赫连源:弓弩(raw=1,sub=1)x1156",60,6
2473074,61,23,"大批资源,有宝箱,",591,1519,14849,1;2;2,弓弩;骑兵;骑兵,"凌茜:弓弩(raw=1,sub=1)x1259 | 通展:骑兵(raw=2,sub=10)x867 | 胡母启玉:骑兵(raw=2,sub=10)x833",60,18
2470542,61,49,"大批资源,有宝箱,",564,1518,13569,2;2;4,骑兵;骑兵;战车,"吉嫒:骑兵(raw=2,sub=10)x773 | 能叡:骑兵(raw=2,sub=10)x827 | 苍儿:战车(raw=4,sub=4)x523",60,48
2470368,62,7,"大批资源,",519,1458,1064,2;0;0,骑兵;步兵;步兵,"许书:骑兵(raw=2,sub=10)x919 | 屠青河:步兵(raw=0,sub=6)x1781 | 诸茗:步兵(raw=0,sub=6)x1646",60,6
2470782,64,5,"大批资源,有宝箱,",576,1528,,2;0;2,骑兵;步兵;骑兵,"危艾:骑兵(raw=2,sub=10)x808 | 司赐迎:步兵(raw=0,sub=6)x1407 | 贡实:骑兵(raw=2,sub=10)x764",63,0
2471701,64,34,"大批资源,有宝箱,",652,1589,,2;1;1,骑兵;弓弩;弓弩,"郜烁舟:骑兵(raw=2,sub=10)x940 | 乐力贤:弓弩(raw=1,sub=1)x1104 | 乐昂琛:弓弩(raw=1,sub=1)x1131",66,30
2467379,65,1,"大批资源,有宝箱,",562,1614,13569,0;0;4,步兵;步兵;战车,"皮星:步兵(raw=0,sub=6)x1529 | 别墨南:步兵(raw=0,sub=6)x1574 | 邹彩:战车(raw=4,sub=4)x597",63,0
2467865,65,24,"大批资源,",622,1480,,2;4;4,骑兵;战车;战车,"车豇潍:骑兵(raw=2,sub=10)x917 | 南宫采:战车(raw=4,sub=6)x1676 | 单若:战车(raw=4,sub=4)x591",63,24
2469178,65,47,"大批资源,一些宝物,",585,1663,,0;2;2,步兵;骑兵;骑兵,"米芹:步兵(raw=0,sub=6)x1505 | 薄均尔:骑兵(raw=2,sub=10)x900 | 卜丹君:骑兵(raw=2,sub=10)x787",63,42
2471862,65,55,"大批资源,",675,1647,1064,4;4;2,战车;战车;骑兵,"逄秋:战车(raw=4,sub=1)x1251 | 贡适筠:战车(raw=4,sub=4)x548 | 秋鑫水:骑兵(raw=2,sub=10)x813",63,54
2466585,66,46,"大批资源,有宝箱,",587,1521,,4;0;4,战车;步兵;战车,"鲁煜琦:战车(raw=4,sub=4)x506 | 盛谊:步兵(raw=0,sub=6)x1634 | 顾菲:战车(raw=4,sub=4)x520",66,42
2469097,67,17,"大批资源,有宝箱,",593,1613,1054,0;2;4,步兵;骑兵;战车,"终家:步兵(raw=0,sub=6)x1618 | 容顺可:骑兵(raw=2,sub=10)x920 | 戚石:战车(raw=4,sub=1)x1121",66,12
2467113,67,41,"大批资源,有宝箱,",667,1658,,4;2;4,战车;骑兵;战车,"秋奇:战车(raw=4,sub=4)x585 | 伍韫:骑兵(raw=2,sub=10)x930 | 宫卓:战车(raw=4,sub=6)x1747",66,36
2468032,67,47,"大批资源,有宝箱,",684,1630,13570;1062,0;4;4,步兵;战车;战车,"慕容福:步兵(raw=0,sub=6)x1744 | 杜中:战车(raw=4,sub=4)x551 | 郎单茗:战车(raw=4,sub=10)x763",66,42
2470034,67,48,"大批资源,有装备,",651,1623,,2;1;0,骑兵;弓弩;步兵,"禄苑妙:骑兵(raw=2,sub=10)x782 | 宗政举曲:弓弩(raw=1,sub=1)x1142 | 喻格:步兵(raw=0,sub=6)x1771",66,48
2466482,68,29,"大批资源,",515,1642,,4;4;0,战车;战车;步兵,"管俊慨:战车(raw=4,sub=4)x525 | 毛燕:战车(raw=4,sub=6)x1674 | 虞柏:步兵(raw=0,sub=6)x1716",66,24
2468155,68,37,"大批资源,有装备,",575,1617,16785409,1;0;4,弓弩;步兵;战车,"计正谨:弓弩(raw=1,sub=1)x1192 | 沈禧:步兵(raw=0,sub=6)x1432 | 蓝真:战车(raw=4,sub=6)x1454",66,36
2469962,69,11,"大批资源,",579,1602,1064,1;2;0,弓弩;骑兵;步兵,"师依瑜:弓弩(raw=1,sub=1)x1235 | 杭朗冠:骑兵(raw=2,sub=10)x838 | 谭丰青:步兵(raw=0,sub=6)x1732",69,6
2468676,69,13,"大批资源,有宝箱,",646,1403,1064,1;4;4,弓弩;战车;战车,"花巍:弓弩(raw=1,sub=1)x1300 | 仰项路:战车(raw=4,sub=1)x1193 | 逄蓉涉:战车(raw=4,sub=4)x576",69,12
2468301,69,19,"大批资源,有宝箱,",656,1694,1064;13569,4;0;2,战车;步兵;骑兵,"敖夏:战车(raw=4,sub=4)x523 | 晏燕:步兵(raw=0,sub=6)x1529 | 云忆:骑兵(raw=2,sub=10)x936",69,18
2473029,69,24,"大批资源,",618,1562,,4;0;2,战车;步兵;骑兵,"宇文沛:战车(raw=4,sub=4)x539 | 戚翠桃:步兵(raw=0,sub=6)x1607 | 项丝:骑兵(raw=2,sub=10)x802",69,24
2470978,69,32,"大批资源,有宝箱,一些宝物,",667,1699,1064;1064,2;4;0,骑兵;战车;步兵,"车士:骑兵(raw=2,sub=10)x824 | 红骥:战车(raw=4,sub=6)x1605 | 童玟:步兵(raw=0,sub=6)x1726",69,30
2470550,69,36,"大批资源,有宝箱,",699,1429,14849,0;1;1,步兵;弓弩;弓弩,"田昂:步兵(raw=0,sub=6)x1760 | 南门蓝:弓弩(raw=1,sub=1)x1143 | 顾怡希:弓弩(raw=1,sub=1)x1245",69,36
2469289,70,9,"大批资源,有宝箱,",605,1537,1064,4;1;4,战车;弓弩;战车,"丁淑贤:战车(raw=4,sub=4)x509 | 祖懋晶:弓弩(raw=1,sub=1)x1103 | 荀墨怿:战车(raw=4,sub=1)x1202",69,6
2469819,70,19,"大批资源,有宝箱,",544,1525,,2;1;1,骑兵;弓弩;弓弩,"仇开:骑兵(raw=2,sub=10)x788 | 湛涵:弓弩(raw=1,sub=1)x1298 | 殴奇泉:弓弩(raw=1,sub=1)x1241",69,18
2467067,70,25,"大批资源,有宝箱,",684,1665,,2;2;0,骑兵;骑兵;步兵,"池宁:骑兵(raw=2,sub=10)x784 | 万怜:骑兵(raw=2,sub=10)x789 | 郦吟拓:步兵(raw=0,sub=6)x1497",69,24
2472486,70,31,"大批资源,有宝箱,",605,1687,14849,1;4;0,弓弩;战车;步兵,"喻圣曦:弓弩(raw=1,sub=1)x1233 | 毋幻:战车(raw=4,sub=4)x516 | 黄从访:步兵(raw=0,sub=6)x1580",69,30
2472109,70,42,"大批资源,",599,1563,1064,0;0;4,步兵;步兵;战车,"闻格韦:步兵(raw=0,sub=6)x1731 | 邱菲雅:步兵(raw=0,sub=6)x1430 | 张实游:战车(raw=4,sub=4)x523",69,42
2471004,70,43,"大批资源,有宝箱,",669,1502,14849,0;0;2,步兵;步兵;骑兵,"甄於莫:步兵(raw=0,sub=6)x1636 | 萧季幻:步兵(raw=0,sub=6)x1413 | 邬驹竹:骑兵(raw=2,sub=10)x916",69,42
2470852,70,45,"大批资源,一些宝物,",564,1535,3073;1056,2;2;0,骑兵;骑兵;步兵,"能镘:骑兵(raw=2,sub=10)x895 | 邵音茜:骑兵(raw=2,sub=10)x828 | 充霁海:步兵(raw=0,sub=6)x1763",69,42
2471283,70,51,"大批资源,有宝箱,",578,1651,,4;2;0,战车;骑兵;步兵,"淳于盼:战车(raw=4,sub=6)x1536 | 国宣火:骑兵(raw=2,sub=10)x796 | 郦邈:步兵(raw=0,sub=6)x1411",69,48
2470279,72,4,"大批资源,",676,1632,1064;1064,0;4;0,步兵;战车;步兵,"匡之游:步兵(raw=0,sub=6)x1583 | 晏忆晓:战车(raw=4,sub=10)x782 | 吕勤月:步兵(raw=0,sub=6)x1519",72,0
2470924,72,9,"大批资源,有宝箱,",649,1654,1064,2;0;1,骑兵;步兵;弓弩,"宰季群:骑兵(raw=2,sub=10)x876 | 昌桢:步兵(raw=0,sub=6)x1506 | 牛邦:弓弩(raw=1,sub=1)x1206",72,6
2472371,72,17,"大批资源,",566,1592,1064,1;1;4,弓弩;弓弩;战车,"利虹:弓弩(raw=1,sub=1)x1206 | 苏亦丝:弓弩(raw=1,sub=1)x1268 | 雍烟凡:战车(raw=4,sub=4)x563",72,12
2470940,72,20,"大批资源,",566,1597,1064,0;1;0,步兵;弓弩;步兵,"宫聪:步兵(raw=0,sub=6)x1705 | 郏姝音:弓弩(raw=1,sub=1)x1180 | 殷烟:步兵(raw=0,sub=6)x1626",72,18
2469609,72,39,"大批资源,有宝箱,",556,1686,1064,0;0;0,步兵;步兵;步兵,"霍沁:步兵(raw=0,sub=6)x1527 | 孙夜颖:步兵(raw=0,sub=6)x1799 | 花泽全:步兵(raw=0,sub=6)x1600",72,36
2471158,73,2,"大批资源,有装备,",523,1561,16779521,4;1;2,战车;弓弩;骑兵,"武瑶:战车(raw=4,sub=4)x514 | 张从璧:弓弩(raw=1,sub=1)x1219 | 家琴然:骑兵(raw=2,sub=10)x843",72,0
2471861,73,15,"大批资源,有宝箱,有装备,",514,1483,13569;16779521,2;2;1,骑兵;骑兵;弓弩,"巫马沉:骑兵(raw=2,sub=10)x859 | 查钋:骑兵(raw=2,sub=10)x800 | 黄晓:弓弩(raw=1,sub=1)x1253",72,12
2469878,73,17,"大批资源,有宝箱,一些宝物,",649,1473,,0;1;2,步兵;弓弩;骑兵,"谷芸:步兵(raw=0,sub=6)x1517 | 宗政清空:弓弩(raw=1,sub=1)x1285 | 毕时:骑兵(raw=2,sub=10)x854",72,12
2467588,73,41,"大批资源,有宝箱,",547,1524,1064;14849,4;4;1,战车;战车;弓弩,"赵友听:战车(raw=4,sub=1)x1222 | 戴彤齐:战车(raw=4,sub=10)x940 | 殴舟美:弓弩(raw=1,sub=1)x1218",72,36
2468120,73,53,"大批资源,有宝箱,",623,1407,1064,4;1;0,战车;弓弩;步兵,"曹涤:战车(raw=4,sub=4)x557 | 焦涵:弓弩(raw=1,sub=1)x1144 | 颜无:步兵(raw=0,sub=6)x1619",72,48
2470242,74,12,"大批资源,",582,1531,,2;2;2,骑兵;骑兵;骑兵,"濮阳童:骑兵(raw=2,sub=10)x767 | 终婕:骑兵(raw=2,sub=10)x819 | 欧阳人舟:骑兵(raw=2,sub=10)x832",72,12
2473010,75,44,"大批资源,有宝箱,",584,1468,13569,0;2;0,步兵;骑兵;步兵,"霍宝恩:步兵(raw=0,sub=6)x1552 | 钱春娥:骑兵(raw=2,sub=10)x878 | 窦河:步兵(raw=0,sub=6)x1571",75,42
2469849,75,48,"大批资源,有宝箱,",614,1422,14849,2;4;4,骑兵;战车;战车,"勾庆:骑兵(raw=2,sub=10)x863 | 荀玮悌:战车(raw=4,sub=4)x542 | 姚蓉:战车(raw=4,sub=4)x510",75,48
2468021,75,53,"大批资源,有宝箱,",670,1700,1064,4;4;2,战车;战车;骑兵,"訾娇:战车(raw=4,sub=1)x1268 | 颜心:战车(raw=4,sub=6)x1456 | 昌怜菲:骑兵(raw=2,sub=10)x899",75,48
2467207,76,9,"大批资源,",546,1536,,0;0;2,步兵;步兵;骑兵,"倪宁:步兵(raw=0,sub=6)x1440 | 习玟通:步兵(raw=0,sub=6)x1741 | 扈尚:骑兵(raw=2,sub=10)x932",75,6
2469714,76,21,"大批资源,有宝箱,",642,1504,,2;4;2,骑兵;战车;骑兵,"窦舟:骑兵(raw=2,sub=10)x837 | 石熙:战车(raw=4,sub=1)x1248 | 充广:骑兵(raw=2,sub=10)x926",75,18
2472245,76,40,"大批资源,有宝箱,",556,1404,13570;1064,4;1;2,战车;弓弩;骑兵,"史皓:战车(raw=4,sub=4)x542 | 韩问希:弓弩(raw=1,sub=1)x1298 | 闵静:骑兵(raw=2,sub=10)x802",75,36
2468877,76,46,"大批资源,有宝箱,",618,1550,14849;1064,4;4;2,战车;战车;骑兵,"巴枫亘:战车(raw=4,sub=4)x539 | 浦逸溪:战车(raw=4,sub=10)x767 | 储娴:骑兵(raw=2,sub=10)x899",75,42
2470272,77,21,"大批资源,有装备,",527,1581,1064,4;2;2,战车;骑兵;骑兵,"宫江:战车(raw=4,sub=6)x1421 | 殴洲精:骑兵(raw=2,sub=10)x824 | 柳唱舟:骑兵(raw=2,sub=10)x800",75,18
2469462,77,48,"大批资源,有宝箱,",519,1669,14849;1064,2;1;2,骑兵;弓弩;骑兵,"相里怀:骑兵(raw=2,sub=10)x821 | 邵宇:弓弩(raw=1,sub=1)x1292 | 仲长墨:骑兵(raw=2,sub=10)x790",75,48
2467001,78,11,"大批资源,有宝箱,有装备,",583,1431,13569,0;0;4,步兵;步兵;战车,"谷彬:步兵(raw=0,sub=6)x1478 | 彭彤:步兵(raw=0,sub=6)x1692 | 羿单:战车(raw=4,sub=4)x576",78,6
2467146,78,40,"大批资源,有宝箱,",537,1682,1064,2;4;2,骑兵;战车;骑兵,"季菱淑:骑兵(raw=2,sub=10)x906 | 毋炳:战车(raw=4,sub=4)x556 | 谭瑞:骑兵(raw=2,sub=10)x845",78,36
2472036,78,50,"大批资源,",540,1607,1064,0;4;0,步兵;战车;步兵,"国朝:步兵(raw=0,sub=6)x1696 | 关材宇:战车(raw=4,sub=4)x515 | 倪蕊贤:步兵(raw=0,sub=6)x1757",78,48
2471025,79,12,"大批资源,",656,1485,,4;0;2,战车;步兵;骑兵,"步意:战车(raw=4,sub=10)x787 | 陈吉舟:步兵(raw=0,sub=6)x1495 | 幸彦珍:骑兵(raw=2,sub=10)x884",78,12
2472907,79,21,"大批资源,有宝箱,有装备,",505,1691,1064,0;1;4,步兵;弓弩;战车,"凤雄裕:步兵(raw=0,sub=6)x1525 | 姜舟:弓弩(raw=1,sub=1)x1147 | 席幼:战车(raw=4,sub=4)x554",78,18
2468778,79,24,"大批资源,有宝箱,",542,1514,1064,4;0;2,战车;步兵;骑兵,"松露依:战车(raw=4,sub=6)x1613 | 宿自圆:步兵(raw=0,sub=6)x1525 | 殷烁:骑兵(raw=2,sub=10)x846",78,24
2471447,79,39,"大批资源,有宝箱,",501,1536,,4;4;4,战车;战车;战车,"司徒菡怜:战车(raw=4,sub=4)x595 | 毛今松:战车(raw=4,sub=6)x1744 | 羊陆元:战车(raw=4,sub=4)x589",78,36
2469886,80,18,"大批资源,有宝箱,",549,1431,,4;0;0,战车;步兵;步兵,"路偲:战车(raw=4,sub=1)x1249 | 贝翠:步兵(raw=0,sub=6)x1779 | 劳寄:步兵(raw=0,sub=6)x1515",78,18
2466845,80,37,"大批资源,有宝箱,",551,1689,1064;1064,0;0;4,步兵;步兵;战车,"贡沛:步兵(raw=0,sub=6)x1576 | 酆霖:步兵(raw=0,sub=6)x1546 | 甘惠彤:战车(raw=4,sub=10)x895",78,36
2467845,81,5,"大批资源,",663,1689,,2;4;0,骑兵;战车;步兵,"乔祺元:骑兵(raw=2,sub=10)x901 | 秦韫晋:战车(raw=4,sub=4)x521 | 倪经幻:步兵(raw=0,sub=6)x1735",81,0
2472172,81,11,"大批资源,有宝箱,",530,1614,,2;0;2,骑兵;步兵;骑兵,"莘绪:骑兵(raw=2,sub=10)x796 | 水玥菱:步兵(raw=0,sub=6)x1750 | 淳于涉:骑兵(raw=2,sub=10)x924",81,6
2472268,81,19,"大批资源,有宝箱,",560,1497,1064,2;2;4,骑兵;骑兵;战车,"步齐楠:骑兵(raw=2,sub=10)x893 | 伏丰俊:骑兵(raw=2,sub=10)x891 | 骆琛郎:战车(raw=4,sub=4)x598",81,18
2469804,81,40,"大批资源,有宝箱,",663,1622,14849,4;4;0,战车;战车;步兵,"宇文闻闻:战车(raw=4,sub=4)x567 | 微生笛天:战车(raw=4,sub=4)x540 | 匡峯蔼:步兵(raw=0,sub=6)x1800",81,36
2467966,81,48,"大批资源,有宝箱,",549,1477,13569,4;4;2,战车;战车;骑兵,"薛绍宝:战车(raw=4,sub=4)x532 | 宇文凌祈:战车(raw=4,sub=4)x591 | 梅人旻:骑兵(raw=2,sub=10)x885",81,48
2469840,82,0,"大批资源,",679,1636,,0;4;1,步兵;战车;弓弩,"乐正莲:步兵(raw=0,sub=6)x1598 | 戚邢於:战车(raw=4,sub=4)x552 | 董逸:弓弩(raw=1,sub=1)x1226",81,0
2472613,82,2,"大批资源,有宝箱,",599,1694,13569;1064,2;4;4,骑兵;战车;战车,"闵韦幻:骑兵(raw=2,sub=10)x826 | 刘蕾:战车(raw=4,sub=4)x534 | 姬磊:战车(raw=4,sub=4)x527",81,0
2467807,82,25,"大批资源,有宝箱,",671,1629,1064,0;1;0,步兵;弓弩;步兵,"华鸿贤:步兵(raw=0,sub=6)x1789 | 骆偲:弓弩(raw=1,sub=1)x1132 | 戚彦年:步兵(raw=0,sub=6)x1689",81,24
2471243,82,37,"大批资源,有宝箱,",579,1525,1064;1064,0;2;2,步兵;骑兵;骑兵,"乜碧代:步兵(raw=0,sub=6)x1709 | 钭怜:骑兵(raw=2,sub=10)x914 | 屈岑:骑兵(raw=2,sub=10)x919",81,36
2467313,82,40,"大批资源,",648,1520,,2;1;4,骑兵;弓弩;战车,"公西常:骑兵(raw=2,sub=10)x765 | 廉茗:弓弩(raw=1,sub=1)x1283 | 南宫晗:战车(raw=4,sub=4)x519",81,36
2467660,83,27,"大批资源,有宝箱,",559,1687,13569,4;4;0,战车;战车;步兵,"濮淼:战车(raw=4,sub=1)x1188 | 上官武:战车(raw=4,sub=6)x1439 | 融烁简:步兵(raw=0,sub=6)x1598",81,24
2467794,83,31,"大批资源,",584,1582,1057,2;2;4,骑兵;骑兵;战车,"廖方彬:骑兵(raw=2,sub=10)x869 | 赖赋沁:骑兵(raw=2,sub=10)x914 | 孔韦楠:战车(raw=4,sub=4)x551",81,30
2471304,83,45,"大批资源,有宝箱,",534,1562,14849,1;0;1,弓弩;步兵;弓弩,"闻人鲲宾:弓弩(raw=1,sub=1)x1183 | 狄懋:步兵(raw=0,sub=6)x1495 | 骆蓝:弓弩(raw=1,sub=1)x1294",81,42
2472334,83,46,"大批资源,有宝箱,",669,1555,13570;1064,2;4;4,骑兵;战车;战车,"甄适彩:骑兵(raw=2,sub=10)x918 | 巴麟:战车(raw=4,sub=4)x595 | 谷常玉:战车(raw=4,sub=4)x561",81,42
2466860,83,50,"大批资源,有宝箱,有装备,一些宝物,",649,1658,1064,2;1;4,骑兵;弓弩;战车,"经蝶:骑兵(raw=2,sub=10)x813 | 段懋翔:弓弩(raw=1,sub=1)x1284 | 苗筠:战车(raw=4,sub=6)x1508",81,48
2469445,83,54,"大批资源,",531,1625,,0;0;4,步兵;步兵;战车,"滑果双:步兵(raw=0,sub=6)x1626 | 松桂枫:步兵(raw=0,sub=6)x1604 | 周均桂:战车(raw=4,sub=4)x594",81,54
2469734,84,14,"大批资源,",670,1526,1064,1;2;2,弓弩;骑兵;骑兵,"乜访勃:弓弩(raw=1,sub=1)x1117 | 明奕:骑兵(raw=2,sub=10)x910 | 雍飇柳:骑兵(raw=2,sub=10)x852",84,12
2469421,84,51,"大批资源,",537,1467,,4;0;4,战车;步兵;战车,"丛虞升:战车(raw=4,sub=4)x599 | 赖放实:步兵(raw=0,sub=6)x1540 | 芮勋源:战车(raw=4,sub=1)x1101",84,48
2466487,85,19,"大批资源,",566,1407,1064,4;0;2,战车;步兵;骑兵,"施梅:战车(raw=4,sub=4)x571 | 宗阔:步兵(raw=0,sub=6)x1524 | 和惬:骑兵(raw=2,sub=10)x783",84,18
2468911,86,1,"大批资源,",611,1607,1059;1064,1;1;2,弓弩;弓弩;骑兵,"刁可:弓弩(raw=1,sub=1)x1120 | 相里丹:弓弩(raw=1,sub=1)x1238 | 贺程:骑兵(raw=2,sub=10)x924",84,0
2468008,86,15,"大批资源,",500,1640,1064,4;4;1,战车;战车;弓弩,"匡言:战车(raw=4,sub=6)x1595 | 刁爽:战车(raw=4,sub=4)x529 | 后玟贤:弓弩(raw=1,sub=1)x1293",84,12
2470245,86,38,"大批资源,",593,1426,,4;4;2,战车;战车;骑兵,"赫连晗:战车(raw=4,sub=4)x594 | 米秋我:战车(raw=4,sub=4)x600 | 易希成:骑兵(raw=2,sub=10)x892",84,36
2467955,86,39,"大批资源,有宝箱,有装备,",656,1566,16790273,0;2;0,步兵;骑兵;步兵,"石烨:步兵(raw=0,sub=6)x1648 | 奚全:骑兵(raw=2,sub=10)x854 | 周丹:步兵(raw=0,sub=6)x1705",84,36
2470641,86,43,"大批资源,",535,1686,1064,4;2;1,战车;骑兵;弓弩,"郜忆:战车(raw=4,sub=4)x568 | 钱博:骑兵(raw=2,sub=10)x769 | 那柔:弓弩(raw=1,sub=1)x1162",84,42
2469929,86,54,"大批资源,有宝箱,",504,1476,,4;4;1,战车;战车;弓弩,"华楚鑫:战车(raw=4,sub=1)x1124 | 农彦:战车(raw=4,sub=10)x813 | 孟柔:弓弩(raw=1,sub=1)x1131",84,54
2470478,87,15,"大批资源,有宝箱,",653,1530,,2;4;0,骑兵;战车;步兵,"扈慧雨:骑兵(raw=2,sub=10)x912 | 车笛春:战车(raw=4,sub=1)x1267 | 漆雕为赋:步兵(raw=0,sub=6)x1622",87,12
2466842,87,37,"大批资源,有装备,",564,1632,1064,0;0;0,步兵;步兵;步兵,"古敬浚:步兵(raw=0,sub=6)x1567 | 宗政语悦:步兵(raw=0,sub=6)x1765 | 阮峰:步兵(raw=0,sub=6)x1748",87,36
2472191,88,0,"大批资源,",536,1556,,2;4;2,骑兵;战车;骑兵,"邵栩:骑兵(raw=2,sub=10)x772 | 申屠顺勤:战车(raw=4,sub=1)x1264 | 宓悌沁:骑兵(raw=2,sub=10)x815",87,0
2467185,88,4,"大批资源,有宝箱,",562,1498,,2;2;2,骑兵;骑兵;骑兵,"焦枫剑:骑兵(raw=2,sub=10)x882 | 岑蔚:骑兵(raw=2,sub=10)x785 | 鲍彤希:骑兵(raw=2,sub=10)x798",87,0
2470362,88,26,"大批资源,有宝箱,一些宝物,",572,1414,3073,4;2;1,战车;骑兵;弓弩,"翟卿:战车(raw=4,sub=4)x587 | 湛琪璧:骑兵(raw=2,sub=10)x785 | 家灵:弓弩(raw=1,sub=1)x1178",87,24
2468701,88,27,"大批资源,有宝箱,",539,1514,1062,4;4;1,战车;战车;弓弩,"卓翊:战车(raw=4,sub=4)x518 | 田绪:战车(raw=4,sub=4)x537 | 杭路:弓弩(raw=1,sub=1)x1284",87,24
2469023,89,15,"大批资源,有宝箱,有装备,",560,1553,14849;1056;16787969,1;0;0,弓弩;步兵;步兵,"狄吉:弓弩(raw=1,sub=1)x1231 | 咸楠:步兵(raw=0,sub=6)x1773 | 钭拓:步兵(raw=0,sub=6)x1657",87,12
2472522,89,26,"大批资源,有宝箱,",665,1493,14849,4;0;4,战车;步兵;战车,"荆季音:战车(raw=4,sub=4)x566 | 易盛:步兵(raw=0,sub=6)x1504 | 穆访:战车(raw=4,sub=6)x1653",87,24
2466716,89,44,"大批资源,",571,1658,,0;0;4,步兵;步兵;战车,"申福:步兵(raw=0,sub=6)x1647 | 彭吉君:步兵(raw=0,sub=6)x1446 | 魏鸿奇:战车(raw=4,sub=6)x1674",87,42
2471919,90,36,"大批资源,有装备,",598,1658,1064;16779009,4;2;4,战车;骑兵;战车,"曹尚瑞:战车(raw=4,sub=4)x579 | 利唱羽:骑兵(raw=2,sub=10)x925 | 齐祺冬:战车(raw=4,sub=4)x591",90,36
2472004,90,42,"大批资源,有宝箱,有装备,",558,1500,,0;2;1,步兵;骑兵;弓弩,"逄琦:步兵(raw=0,sub=6)x1664 | 盛喆:骑兵(raw=2,sub=10)x831 | 鲍江:弓弩(raw=1,sub=1)x1123",90,42
2468006,91,13,"大批资源,",507,1446,1064,0;1;4,步兵;弓弩;战车,"蔺灵潍:步兵(raw=0,sub=6)x1616 | 淳于瑾:弓弩(raw=1,sub=1)x1131 | 养冰:战车(raw=4,sub=4)x592",90,12
2472590,91,39,"大批资源,",646,1613,1064,4;4;4,战车;战车;战车,"裴鹤:战车(raw=4,sub=4)x600 | 尤胜果:战车(raw=4,sub=10)x916 | 柏光:战车(raw=4,sub=4)x500",90,36
2469383,91,50,"大批资源,有宝箱,",598,1518,,0;1;1,步兵;弓弩;弓弩,"彭旎春:步兵(raw=0,sub=6)x1757 | 夔听君:弓弩(raw=1,sub=1)x1277 | 丛泽:弓弩(raw=1,sub=1)x1201",90,48
2469087,92,37,"大批资源,有宝箱,",618,1489,1064,2;1;2,骑兵;弓弩;骑兵,"扈黛:骑兵(raw=2,sub=10)x833 | 梁书霁:弓弩(raw=1,sub=1)x1115 | 皮无颜:骑兵(raw=2,sub=10)x934",90,36
2470038,92,48,"大批资源,一些宝物,",650,1547,,4;4;4,战车;战车;战车,"钱亦:战车(raw=4,sub=1)x1184 | 项然水:战车(raw=4,sub=4)x512 | 余信益:战车(raw=4,sub=4)x534",90,48
2468872,93,5,"大批资源,",666,1432,1064;1064,0;4;1,步兵;战车;弓弩,"曲烟:步兵(raw=0,sub=6)x1770 | 吕旻:战车(raw=4,sub=4)x590 | 桑桢:弓弩(raw=1,sub=1)x1104",93,0
2466498,93,15,"大批资源,",517,1445,1058,1;0;4,弓弩;步兵;战车,"曾绍:弓弩(raw=1,sub=1)x1180 | 麻妙:步兵(raw=0,sub=6)x1491 | 毕旻:战车(raw=4,sub=1)x1214",93,12
2470528,94,32,"大批资源,",524,1503,,0;0;1,步兵;步兵;弓弩,"封誉:步兵(raw=0,sub=6)x1724 | 乐钋韦:步兵(raw=0,sub=6)x1559 | 贲锦:弓弩(raw=1,sub=1)x1116",93,30
2471127,94,38,"大批资源,有宝箱,有装备,",668,1448,,0;0;2,步兵;步兵;骑兵,"西门彬:步兵(raw=0,sub=6)x1471 | 苏常:步兵(raw=0,sub=6)x1780 | 寿彩:骑兵(raw=2,sub=10)x919",93,36
2468808,95,2,"大批资源,",665,1540,,4;2;0,战车;骑兵;步兵,"贲霖:战车(raw=4,sub=4)x524 | 乌碧:骑兵(raw=2,sub=10)x869 | 湛益:步兵(raw=0,sub=6)x1606",93,0
2468936,95,6,"大批资源,有宝箱,",679,1440,,0;1;2,步兵;弓弩;骑兵,"万蕾双:步兵(raw=0,sub=6)x1596 | 乜和哲:弓弩(raw=1,sub=1)x1270 | 简蓄禧:骑兵(raw=2,sub=10)x795",93,6
2470003,95,8,"大批资源,有装备,",616,1458,16779009,4;0;0,战车;步兵;步兵,"霍吟尚:战车(raw=4,sub=4)x534 | 司空堂:步兵(raw=0,sub=6)x1658 | 璩颖懿:步兵(raw=0,sub=6)x1641",93,6
2466783,95,32,"大批资源,一些宝物,",628,1462,1064,0;0;2,步兵;步兵;骑兵,"阙敏娴:步兵(raw=0,sub=6)x1775 | 邴蝶问:步兵(raw=0,sub=6)x1797 | 司云怡:骑兵(raw=2,sub=10)x806",93,30
2470631,96,2,"大批资源,",512,1449,,4;0;2,战车;步兵;骑兵,"单于坚炎:战车(raw=4,sub=4)x508 | 空昂:步兵(raw=0,sub=6)x1780 | 越礼:骑兵(raw=2,sub=10)x770",96,0
2472988,96,11,"大批资源,有宝箱,",611,1654,1060,0;2;1,步兵;骑兵;弓弩,"程钊仲:步兵(raw=0,sub=6)x1739 | 宗正霜虞:骑兵(raw=2,sub=10)x922 | 谈彦扬:弓弩(raw=1,sub=1)x1269",96,6
2469516,96,13,"大批资源,有宝箱,",663,1561,,4;0;0,战车;步兵;步兵,"危航蓄:战车(raw=4,sub=10)x834 | 景穰:步兵(raw=0,sub=6)x1578 | 凤光叡:步兵(raw=0,sub=6)x1569",96,12
2472001,96,17,"大批资源,一些宝物,",621,1613,,0;1;1,步兵;弓弩;弓弩,"贲翼韶:步兵(raw=0,sub=6)x1425 | 山自唱:弓弩(raw=1,sub=1)x1266 | 古靖周:弓弩(raw=1,sub=1)x1153",96,12
2472504,96,28,"大批资源,有宝箱,",573,1693,1062,2;2;4,骑兵;骑兵;战车,"贺常沁:骑兵(raw=2,sub=10)x776 | 子车瑜:骑兵(raw=2,sub=10)x854 | 郜浩:战车(raw=4,sub=10)x928",96,24
2469653,96,33,"大批资源,",673,1585,,1;0;2,弓弩;步兵;骑兵,"羊元:弓弩(raw=1,sub=1)x1284 | 冉典绪:步兵(raw=0,sub=6)x1421 | 单涵:骑兵(raw=2,sub=10)x872",96,30
2469075,96,37,"大批资源,",585,1513,1064,1;0;0,弓弩;步兵;步兵,"廉璧:弓弩(raw=1,sub=1)x1143 | 田竹:步兵(raw=0,sub=6)x1492 | 龚鑫:步兵(raw=0,sub=6)x1505",96,36
2467476,96,48,"大批资源,",505,1653,,4;0;2,战车;步兵;骑兵,"万修汉:战车(raw=4,sub=10)x880 | 穆策:步兵(raw=0,sub=6)x1762 | 卓童:骑兵(raw=2,sub=10)x794",96,48
2472003,96,52,"大批资源,",629,1696,,0;2;1,步兵;骑兵;弓弩,"浦大:步兵(raw=0,sub=6)x1426 | 酆筠:骑兵(raw=2,sub=10)x773 | 乌莹葱:弓弩(raw=1,sub=1)x1186",96,48
2471891,97,5,"大批资源,有宝箱,",688,1661,,4;4;0,战车;战车;步兵,"屈自鹂:战车(raw=4,sub=6)x1525 | 鄂洁超:战车(raw=4,sub=10)x815 | 弓果:步兵(raw=0,sub=6)x1459",96,0
2470433,97,6,"大批资源,有宝箱,一些宝物,",689,1538,3073,0;1;0,步兵;弓弩;步兵,"终吉:步兵(raw=0,sub=6)x1689 | 武拔方:弓弩(raw=1,sub=1)x1163 | 丁旷旋:步兵(raw=0,sub=6)x1543",96,6
2469237,97,18,"大批资源,有宝箱,",618,1688,13569,4;0;2,战车;步兵;骑兵,"司寇双:战车(raw=4,sub=4)x586 | 申屠祖鹍:步兵(raw=0,sub=6)x1454 | 米冬海:骑兵(raw=2,sub=10)x939",96,18
2470549,97,32,"大批资源,有装备,",666,1481,1064;16785409,2;4;4,骑兵;战车;战车,"巢联澄:骑兵(raw=2,sub=10)x918 | 淳于佩:战车(raw=4,sub=10)x866 | 邹彤明:战车(raw=4,sub=10)x835",96,30
2471191,98,5,"大批资源,有宝箱,有装备,一些宝物,",517,1417,14849;1064;16790273,4;2;2,战车;骑兵;骑兵,"祝彩:战车(raw=4,sub=4)x558 | 查建:骑兵(raw=2,sub=10)x801 | 司空友乐:骑兵(raw=2,sub=10)x904",96,0
2470841,98,33,"大批资源,有宝箱,",666,1679,14849,2;0;1,骑兵;步兵;弓弩,"查定豇:骑兵(raw=2,sub=10)x865 | 轩辕熙莲:步兵(raw=0,sub=6)x1571 | 王朝展:弓弩(raw=1,sub=1)x1139",96,30
2471467,98,54,"大批资源,有宝箱,",592,1417,,0;0;2,步兵;步兵;骑兵,"养唱:步兵(raw=0,sub=6)x1749 | 容旎:步兵(raw=0,sub=6)x1617 | 蒙同夫:骑兵(raw=2,sub=10)x922",96,54
2471347,99,4,"大批资源,有宝箱,",598,1434,14849,4;4;2,战车;战车;骑兵,"戈彦男:战车(raw=4,sub=1)x1230 | 殷丰:战车(raw=4,sub=4)x535 | 钱阳豪:骑兵(raw=2,sub=10)x761",99,0
2471411,99,8,"大批资源,有宝箱,",503,1605,13569,4;2;1,战车;骑兵;弓弩,"庚蝶:战车(raw=4,sub=4)x559 | 连露:骑兵(raw=2,sub=10)x926 | 台简:弓弩(raw=1,sub=1)x1217",99,6
2467286,99,10,"大批资源,",649,1642,,4;1;2,战车;弓弩;骑兵,"仰涉玥:战车(raw=4,sub=6)x1490 | 巩泉:弓弩(raw=1,sub=1)x1138 | 莫和:骑兵(raw=2,sub=10)x883",99,6
2472525,99,15,"大批资源,",644,1535,,4;0;2,战车;步兵;骑兵,"薛可:战车(raw=4,sub=10)x914 | 朱茗之:步兵(raw=0,sub=6)x1473 | 阎醉颜:骑兵(raw=2,sub=10)x822",99,12
2471920,99,26,"大批资源,有宝箱,",613,1413,13570;1064,1;4;0,弓弩;战车;步兵,"宰若香:弓弩(raw=1,sub=1)x1160 | 巢焱鸥:战车(raw=4,sub=4)x536 | 干月:步兵(raw=0,sub=6)x1738",99,24
2466625,99,27,"大批资源,有宝箱,",647,1574,1064,1;2;1,弓弩;骑兵;弓弩,"阙楠:弓弩(raw=1,sub=1)x1250 | 唐溪:骑兵(raw=2,sub=10)x816 | 瞿葱琪:弓弩(raw=1,sub=1)x1290",99,24
2471190,99,32,"大批资源,有装备,",518,1490,1064,4;4;1,战车;战车;弓弩,"顾文:战车(raw=4,sub=6)x1789 | 厍旎玥:战车(raw=4,sub=1)x1198 | 邴悌无:弓弩(raw=1,sub=1)x1100",99,30
2467382,99,39,"大批资源,有宝箱,一些宝物,",503,1623,14849,2;0;0,骑兵;步兵;步兵,"红丰佑:骑兵(raw=2,sub=10)x921 | 濮阳精:步兵(raw=0,sub=6)x1696 | 慕容郁均:步兵(raw=0,sub=6)x1593",99,36
2467306,99,53,"大批资源,有宝箱,",529,1429,1064;13570,1;0;4,弓弩;步兵;战车,"怀舟:弓弩(raw=1,sub=1)x1129 | 申屠晔穰:步兵(raw=0,sub=6)x1735 | 却钋:战车(raw=4,sub=1)x1235",99,48
2469579,100,12,"大批资源,有宝箱,",624,1491,1060;1064,2;1;0,骑兵;弓弩;步兵,"党澜:骑兵(raw=2,sub=10)x891 | 尉迟霁适:弓弩(raw=1,sub=1)x1170 | 姜蔚赋:步兵(raw=0,sub=6)x1550",99,12
2468427,101,21,"大批资源,有宝箱,",693,1617,13570,4;4;1,战车;战车;弓弩,"喻淑:战车(raw=4,sub=4)x541 | 茅河黎:战车(raw=4,sub=6)x1438 | 宓全:弓弩(raw=1,sub=1)x1109",99,18
2469024,101,31,"大批资源,",551,1450,,0;1;0,步兵;弓弩;步兵,"公西海堂:步兵(raw=0,sub=6)x1564 | 步实澜:弓弩(raw=1,sub=1)x1278 | 麻桂路:步兵(raw=0,sub=6)x1651",99,30
2472516,101,44,"大批资源,有宝箱,",697,1508,,4;2;0,战车;骑兵;步兵,"陆彩:战车(raw=4,sub=4)x521 | 闻霜:骑兵(raw=2,sub=10)x904 | 姜杉:步兵(raw=0,sub=6)x1742",99,42
2470923,102,5,"大批资源,",527,1498,,2;0;4,骑兵;步兵;战车,"山健:骑兵(raw=2,sub=10)x904 | 印溪:步兵(raw=0,sub=6)x1732 | 璩黛:战车(raw=4,sub=4)x538",102,0
2470695,102,15,"大批资源,有宝箱,一些宝物,",615,1670,1064,2;0;1,骑兵;步兵;弓弩,"羊望:骑兵(raw=2,sub=10)x762 | 缪柳:步兵(raw=0,sub=6)x1574 | 戚书瑾:弓弩(raw=1,sub=1)x1274",102,12
2466797,102,16,"大批资源,有宝箱,",635,1605,,2;0;4,骑兵;步兵;战车,"庄曦槐:骑兵(raw=2,sub=10)x861 | 万家:步兵(raw=0,sub=6)x1520 | 荣勤:战车(raw=4,sub=1)x1126",102,12
2470182,102,22,"大批资源,",523,1419,1064,4;1;0,战车;弓弩;步兵,"贺益琦:战车(raw=4,sub=6)x1661 | 韦玉:弓弩(raw=1,sub=1)x1215 | 霍大尔:步兵(raw=0,sub=6)x1551",102,18
2468011,102,27,"大批资源,有宝箱,",554,1518,,4;2;2,战车;骑兵;骑兵,"宦禧:战车(raw=4,sub=1)x1196 | 宰巍杉:骑兵(raw=2,sub=10)x878 | 樊从松:骑兵(raw=2,sub=10)x810",102,24
2471109,102,32,"大批资源,",551,1675,1064,0;2;2,步兵;骑兵;骑兵,"太叔成:步兵(raw=0,sub=6)x1765 | 宗正泰拯:骑兵(raw=2,sub=10)x863 | 台顺:骑兵(raw=2,sub=10)x797",102,30
2468200,103,7,"大批资源,",546,1481,,1;1;1,弓弩;弓弩;弓弩,"仰红小:弓弩(raw=1,sub=1)x1237 | 濮熙:弓弩(raw=1,sub=1)x1102 | 满悌:弓弩(raw=1,sub=1)x1110",102,6
2467031,103,34,"大批资源,有宝箱,",665,1642,14849,2;2;1,骑兵;骑兵;弓弩,"卫允:骑兵(raw=2,sub=10)x861 | 危醉蕊:骑兵(raw=2,sub=10)x857 | 戚醉:弓弩(raw=1,sub=1)x1291",102,30
2471428,105,33,"大批资源,有宝箱,一些宝物,",656,1422,,1;2;2,弓弩;骑兵;骑兵,"姜碧醒:弓弩(raw=1,sub=1)x1161 | 巩绪纶:骑兵(raw=2,sub=10)x767 | 勾卿茵:骑兵(raw=2,sub=10)x896",105,30
2468640,106,2,"大批资源,",645,1402,1064,0;4;1,步兵;战车;弓弩,"云楠熠:步兵(raw=0,sub=6)x1401 | 能煦恩:战车(raw=4,sub=10)x934 | 郜悌果:弓弩(raw=1,sub=1)x1282",105,0
2468061,106,10,"大批资源,有装备,",693,1492,1064,0;2;2,步兵;骑兵;骑兵,"井绍:步兵(raw=0,sub=6)x1514 | 酆茗:骑兵(raw=2,sub=10)x929 | 隗析:骑兵(raw=2,sub=10)x885",105,6
2467964,106,30,"大批资源,有宝箱,",560,1464,1064,0;4;4,步兵;战车;战车,"师民卫:步兵(raw=0,sub=6)x1560 | 鄂青夏:战车(raw=4,sub=4)x540 | 欧阳南晶:战车(raw=4,sub=6)x1455",105,30
2470413,107,25,"大批资源,有装备,",691,1425,1064,4;4;4,战车;战车;战车,"习晔:战车(raw=4,sub=1)x1174 | 时驹琛:战车(raw=4,sub=6)x1797 | 萧贞:战车(raw=4,sub=10)x894",105,24
2472484,108,9,"大批资源,有宝箱,",655,1679,14849;13569,1;4;2,弓弩;战车;骑兵,"庚楠:弓弩(raw=1,sub=1)x1105 | 邬珠:战车(raw=4,sub=10)x762 | 周空:骑兵(raw=2,sub=10)x936",108,6
2469057,108,15,"大批资源,有宝箱,",517,1414,1064,1;4;4,弓弩;战车;战车,"尚力:弓弩(raw=1,sub=1)x1283 | 慎允颖:战车(raw=4,sub=4)x593 | 凤皓:战车(raw=4,sub=4)x522",108,12
2470565,108,23,"大批资源,",591,1534,,4;4;0,战车;战车;步兵,"寿姮:战车(raw=4,sub=4)x534 | 施香:战车(raw=4,sub=4)x591 | 唐邈:步兵(raw=0,sub=6)x1491",108,18
2468391,109,19,"大批资源,",699,1627,,2;4;1,骑兵;战车;弓弩,"乌我今:骑兵(raw=2,sub=10)x860 | 周禹尔:战车(raw=4,sub=4)x505 | 何雯:弓弩(raw=1,sub=1)x1253",108,18
2467273,109,24,"大批资源,有宝箱,",546,1436,14849,0;4;4,步兵;战车;战车,"米涆:步兵(raw=0,sub=6)x1694 | 那霁彩:战车(raw=4,sub=10)x825 | 龚析:战车(raw=4,sub=4)x566",108,24
2469784,109,26,"大批资源,有宝箱,",645,1402,13569,4;4;2,战车;战车;骑兵,"谢大:战车(raw=4,sub=4)x559 | 邵力:战车(raw=4,sub=1)x1168 | 尹怀:骑兵(raw=2,sub=10)x869",108,24
2471540,110,20,"大批资源,有宝箱,",640,1604,,2;4;0,骑兵;战车;步兵,"南门芙:骑兵(raw=2,sub=10)x805 | 萧权:战车(raw=4,sub=4)x543 | 乌旋:步兵(raw=0,sub=6)x1518",108,18
2471395,111,5,"大批资源,",644,1663,,4;0;4,战车;步兵;战车,"嵇丰期:战车(raw=4,sub=4)x587 | 沈丹:步兵(raw=0,sub=6)x1450 | 双果琴:战车(raw=4,sub=1)x1179",111,0
2469145,111,8,"大批资源,有宝箱,",581,1512,,0;0;0,步兵;步兵;步兵,"家忆:步兵(raw=0,sub=6)x1511 | 屠秀霁:步兵(raw=0,sub=6)x1689 | 昝颜:步兵(raw=0,sub=6)x1587",111,6
2472198,111,17,"大批资源,有宝箱,有装备,一些宝物,",633,1669,14849;16790273,4;1;4,战车;弓弩;战车,"郭枫:战车(raw=4,sub=4)x568 | 孟静:弓弩(raw=1,sub=1)x1168 | 司徒尚:战车(raw=4,sub=4)x592",111,12
2471963,111,38,"大批资源,有宝箱,",687,1674,13570,2;0;1,骑兵;步兵;弓弩,"上官晗:骑兵(raw=2,sub=10)x932 | 璩冬:步兵(raw=0,sub=6)x1569 | 东方歌:弓弩(raw=1,sub=1)x1148",111,36
2472474,111,40,"大批资源,",644,1673,1064;1064,4;2;0,战车;骑兵;步兵,"路靖:战车(raw=4,sub=10)x851 | 欧阳莫卿:骑兵(raw=2,sub=10)x884 | 须常:步兵(raw=0,sub=6)x1471",111,36
2467319,111,41,"大批资源,",517,1599,,4;1;0,战车;弓弩;步兵,"葛幻:战车(raw=4,sub=4)x507 | 籍闻彬:弓弩(raw=1,sub=1)x1172 | 红畅赐:步兵(raw=0,sub=6)x1627",111,36
2470744,112,0,"大批资源,",603,1633,,2;4;4,骑兵;战车;战车,"郗贤:骑兵(raw=2,sub=10)x935 | 欧阳亭纵:战车(raw=4,sub=6)x1796 | 暴斯刚:战车(raw=4,sub=4)x506",111,0
2472661,112,4,"大批资源,",698,1416,,4;4;2,战车;战车;骑兵,"韶春:战车(raw=4,sub=6)x1724 | 纪冉莫:战车(raw=4,sub=4)x543 | 石雯仙:骑兵(raw=2,sub=10)x865",111,0
2469011,112,8,"大批资源,有装备,",543,1546,,4;4;0,战车;战车;步兵,"西门莫:战车(raw=4,sub=4)x520 | 崔吉晶:战车(raw=4,sub=10)x770 | 梅宾:步兵(raw=0,sub=6)x1450",111,6
2468517,112,21,"大批资源,有宝箱,",562,1540,14849;14849,2;1;4,骑兵;弓弩;战车,"相里资:骑兵(raw=2,sub=10)x872 | 谭湃:弓弩(raw=1,sub=1)x1140 | 庚兆:战车(raw=4,sub=10)x930",111,18
2471139,112,36,"大批资源,",656,1631,,0;2;2,步兵;骑兵;骑兵,"贲渊:步兵(raw=0,sub=6)x1498 | 于大:骑兵(raw=2,sub=10)x899 | 靳爽:骑兵(raw=2,sub=10)x933",111,36
2467239,113,6,"大批资源,有装备,",570,1506,1064,2;1;0,骑兵;弓弩;步兵,"胡母旎珍:骑兵(raw=2,sub=10)x807 | 冀淼:弓弩(raw=1,sub=1)x1144 | 殳懿怿:步兵(raw=0,sub=6)x1487",111,6
2467121,113,14,"大批资源,有宝箱,有装备,",522,1523,14849,1;4;4,弓弩;战车;战车,"段果芬:弓弩(raw=1,sub=1)x1256 | 余悦彩:战车(raw=4,sub=4)x509 | 昝光谷:战车(raw=4,sub=4)x512",111,12
2470114,113,16,"大批资源,有宝箱,",555,1697,14849,2;4;4,骑兵;战车;战车,"武宾开:骑兵(raw=2,sub=10)x863 | 池枫亦:战车(raw=4,sub=6)x1561 | 陆孟:战车(raw=4,sub=4)x530",111,12
2466593,113,31,"大批资源,有宝箱,",543,1670,,1;1;2,弓弩;弓弩;骑兵,"宁山:弓弩(raw=1,sub=1)x1190 | 满宾黛:弓弩(raw=1,sub=1)x1259 | 倪颜虞:骑兵(raw=2,sub=10)x827",111,30
2466735,113,43,"大批资源,有宝箱,",504,1501,,2;2;1,骑兵;骑兵;弓弩,"封秀:骑兵(raw=2,sub=10)x929 | 慕容斯:骑兵(raw=2,sub=10)x806 | 薛霁:弓弩(raw=1,sub=1)x1254",111,42
2470529,113,44,"大批资源,",678,1480,,0;1;4,步兵;弓弩;战车,"阙昂:步兵(raw=0,sub=6)x1616 | 温慕槐:弓弩(raw=1,sub=1)x1255 | 芮旻焕:战车(raw=4,sub=4)x540",111,42
2472845,114,1,"大批资源,",632,1584,,4;4;0,战车;战车;步兵,"步斯鹏:战车(raw=4,sub=1)x1217 | 凤晔:战车(raw=4,sub=4)x589 | 申屠化:步兵(raw=0,sub=6)x1512",114,0
2472436,114,2,"大批资源,有宝箱,",673,1585,1064,1;0;4,弓弩;步兵;战车,"倪喷绍:弓弩(raw=1,sub=1)x1233 | 须珠梅:步兵(raw=0,sub=6)x1545 | 孟茵:战车(raw=4,sub=6)x1524",114,0
2469589,115,53,"大批资源,有宝箱,",661,1642,1064,4;0;1,战车;步兵;弓弩,"高曲栩:战车(raw=4,sub=6)x1621 | 朱才湛:步兵(raw=0,sub=6)x1674 | 水问初:弓弩(raw=1,sub=1)x1270",114,48
2468194,116,14,"大批资源,有宝箱,一些宝物,",624,1475,1064,0;1;0,步兵;弓弩;步兵,"夏程希:步兵(raw=0,sub=6)x1480 | 席浦:弓弩(raw=1,sub=1)x1174 | 席大:步兵(raw=0,sub=6)x1593",114,12
2471934,116,50,"大批资源,有宝箱,一些宝物,",578,1656,1059,4;4;4,战车;战车;战车,"岑琢教:战车(raw=4,sub=4)x597 | 蒲燕:战车(raw=4,sub=6)x1455 | 吴彤玉:战车(raw=4,sub=4)x538",114,48
2472018,117,18,"大批资源,有宝箱,",541,1404,1064;13569,4;1;4,战车;弓弩;战车,"桂雪:战车(raw=4,sub=10)x909 | 乔吉:弓弩(raw=1,sub=1)x1222 | 武惠:战车(raw=4,sub=4)x514",117,18
2473120,117,19,"大批资源,有宝箱,",513,1603,1064,1;2;4,弓弩;骑兵;战车,"王清:弓弩(raw=1,sub=1)x1249 | 却竹勋:骑兵(raw=2,sub=10)x825 | 贾豪:战车(raw=4,sub=4)x582",117,18
2471601,117,35,"大批资源,有装备,",510,1693,,4;1;0,战车;弓弩;步兵,"桂从:战车(raw=4,sub=10)x821 | 红云:弓弩(raw=1,sub=1)x1136 | 廉盼:步兵(raw=0,sub=6)x1516",117,30
2470914,117,37,"大批资源,有宝箱,",544,1535,1064,0;0;0,步兵;步兵;步兵,"相里益:步兵(raw=0,sub=6)x1797 | 充清驽:步兵(raw=0,sub=6)x1622 | 连宏问:步兵(raw=0,sub=6)x1737",117,36
2469324,117,43,"大批资源,有宝箱,",691,1674,,2;0;2,骑兵;步兵;骑兵,"党初:骑兵(raw=2,sub=10)x786 | 马雪桃:步兵(raw=0,sub=6)x1784 | 单于醉:骑兵(raw=2,sub=10)x927",117,42
2471310,117,52,"大批资源,有宝箱,",655,1656,1064;14849,1;2;2,弓弩;骑兵;骑兵,"龚专哲:弓弩(raw=1,sub=1)x1115 | 童龙:骑兵(raw=2,sub=10)x909 | 陈彤谊:骑兵(raw=2,sub=10)x798",117,48
2469739,118,17,"大批资源,有宝箱,",654,1496,1064,4;2;4,战车;骑兵;战车,"丛瑞璞:战车(raw=4,sub=4)x511 | 史堂:骑兵(raw=2,sub=10)x854 | 冯勤:战车(raw=4,sub=4)x598",117,12
2470350,118,35,"大批资源,有宝箱,有装备,一些宝物,",606,1638,16790273,0;0;0,步兵;步兵;步兵,"解娴年:步兵(raw=0,sub=6)x1650 | 顾红:步兵(raw=0,sub=6)x1550 | 韩瑶:步兵(raw=0,sub=6)x1488",117,30
2469548,118,53,"大批资源,有宝箱,",536,1414,,0;0;4,步兵;步兵;战车,"敖熏锦:步兵(raw=0,sub=6)x1769 | 吴亦玥:步兵(raw=0,sub=6)x1620 | 慕心:战车(raw=4,sub=4)x521",117,48
2469179,119,13,"大批资源,有宝箱,",571,1593,1064,4;1;0,战车;弓弩;步兵,"利静:战车(raw=4,sub=4)x563 | 水卉:弓弩(raw=1,sub=1)x1263 | 充虹:步兵(raw=0,sub=6)x1479",117,12
2472853,119,39,"大批资源,有宝箱,",698,1575,,1;1;2,弓弩;弓弩;骑兵,"党路顺:弓弩(raw=1,sub=1)x1211 | 金阔:弓弩(raw=1,sub=1)x1260 | 殳萌:骑兵(raw=2,sub=10)x801",117,36
2467140,120,8,"大批资源,一些宝物,",626,1511,1064,4;4;1,战车;战车;弓弩,"鲍中英:战车(raw=4,sub=10)x850 | 倪群:战车(raw=4,sub=10)x784 | 诸甫:弓弩(raw=1,sub=1)x1136",120,6
2472654,120,37,"大批资源,有宝箱,",609,1449,14849,1;0;4,弓弩;步兵;战车,"栾飇怡:弓弩(raw=1,sub=1)x1130 | 聂颜强:步兵(raw=0,sub=6)x1796 | 凌玉:战车(raw=4,sub=6)x1638",120,36
2467976,120,38,"大批资源,有宝箱,",596,1582,13570,0;0;4,步兵;步兵;战车,"浦夫璐:步兵(raw=0,sub=6)x1748 | 巴宇:步兵(raw=0,sub=6)x1460 | 郎彩:战车(raw=4,sub=1)x1231",120,36
2472609,120,39,"大批资源,有宝箱,有装备,一些宝物,",636,1576,3073;16785409,4;0;4,战车;步兵;战车,"慎悌豇:战车(raw=4,sub=4)x514 | 鲁虎生:步兵(raw=0,sub=6)x1487 | 羿苑:战车(raw=4,sub=4)x514",120,36
2467159,120,44,"大批资源,有装备,",561,1601,1064,0;4;2,步兵;战车;骑兵,"单适洁:步兵(raw=0,sub=6)x1783 | 苍谊:战车(raw=4,sub=4)x557 | 赖柳翠:骑兵(raw=2,sub=10)x828",120,42
2470325,121,3,"大批资源,",568,1434,,0;0;0,步兵;步兵;步兵,"翁美可:步兵(raw=0,sub=6)x1602 | 史芷:步兵(raw=0,sub=6)x1519 | 穆宾:步兵(raw=0,sub=6)x1439",120,0
2469471,121,29,"大批资源,有宝箱,",535,1494,14849;13569,4;0;4,战车;步兵;战车,"范宇同:战车(raw=4,sub=4)x558 | 黎娴:步兵(raw=0,sub=6)x1554 | 奚好:战车(raw=4,sub=10)x840",120,24
2472917,121,44,"大批资源,",560,1537,,4;0;0,战车;步兵;步兵,"明竹:战车(raw=4,sub=6)x1476 | 索晓:步兵(raw=0,sub=6)x1596 | 熊驰喆:步兵(raw=0,sub=6)x1558",120,42
2470498,121,53,"大批资源,有宝箱,",523,1693,1064,1;4;0,弓弩;战车;步兵,"柴箴适:弓弩(raw=1,sub=1)x1193 | 狄坚迎:战车(raw=4,sub=4)x555 | 邴云:步兵(raw=0,sub=6)x1648",120,48
2469189,122,26,"大批资源,有宝箱,",602,1532,1064,1;2;0,弓弩;骑兵;步兵,"尹简:弓弩(raw=1,sub=1)x1107 | 双颀:骑兵(raw=2,sub=10)x937 | 束海巧:步兵(raw=0,sub=6)x1589",120,24
2466775,122,30,"大批资源,有宝箱,",636,1551,1060,0;2;4,步兵;骑兵;战车,"须桂望:步兵(raw=0,sub=6)x1528 | 牧宛奕:骑兵(raw=2,sub=10)x885 | 戴空:战车(raw=4,sub=4)x522",120,30
2467048,122,37,"大批资源,有宝箱,",560,1635,1064;14849,1;0;2,弓弩;步兵;骑兵,"葛群轩:弓弩(raw=1,sub=1)x1239 | 房怜:步兵(raw=0,sub=6)x1687 | 刘齐:骑兵(raw=2,sub=10)x815",120,36
2471966,122,45,"大批资源,",573,1448,,4;1;1,战车;弓弩;弓弩,"贡良玉:战车(raw=4,sub=4)x519 | 聂初:弓弩(raw=1,sub=1)x1172 | 孟娇:弓弩(raw=1,sub=1)x1115",120,42
2467906,123,1,"大批资源,有宝箱,有装备,一些宝物,",524,1531,,0;2;1,步兵;骑兵;弓弩,"冯喷:步兵(raw=0,sub=6)x1490 | 单于朝:骑兵(raw=2,sub=10)x859 | 董熙:弓弩(raw=1,sub=1)x1276",123,0
2469286,123,3,"大批资源,",660,1663,1064;1064,2;0;0,骑兵;步兵;步兵,"逄珺:骑兵(raw=2,sub=10)x898 | 井竹怀:步兵(raw=0,sub=6)x1639 | 凤析:步兵(raw=0,sub=6)x1626",123,0
2469028,123,24,"大批资源,",554,1424,,2;1;0,骑兵;弓弩;步兵,"易卿葱:骑兵(raw=2,sub=10)x806 | 祖怿荫:弓弩(raw=1,sub=1)x1225 | 伏峰虎:步兵(raw=0,sub=6)x1733",123,24
2467158,123,34,"大批资源,有宝箱,",571,1564,14849;1064,4;1;2,战车;弓弩;骑兵,"项瑶翠:战车(raw=4,sub=4)x504 | 范期:弓弩(raw=1,sub=1)x1289 | 毛香:骑兵(raw=2,sub=10)x807",123,30
2468570,123,36,"大批资源,有宝箱,",696,1645,1064,4;4;2,战车;战车;骑兵,"上官彦:战车(raw=4,sub=4)x505 | 利葱旋:战车(raw=4,sub=10)x800 | 成薇鸥:骑兵(raw=2,sub=10)x881",123,36
2469566,123,45,"大批资源,有宝箱,",654,1450,13569,2;4;4,骑兵;战车;战车,"翁黎容:骑兵(raw=2,sub=10)x806 | 厍潇:战车(raw=4,sub=10)x788 | 唐邪桂:战车(raw=4,sub=1)x1270",123,42
2468307,124,43,"大批资源,有宝箱,",682,1489,1064;1064,4;0;4,战车;步兵;战车,"梁丘露然:战车(raw=4,sub=4)x566 | 曲工:步兵(raw=0,sub=6)x1442 | 璩自:战车(raw=4,sub=10)x918",123,42
2471895,124,47,"大批资源,",567,1649,,0;2;0,步兵;骑兵;步兵,"何云:步兵(raw=0,sub=6)x1669 | 司空临仲:骑兵(raw=2,sub=10)x766 | 终年:步兵(raw=0,sub=6)x1634",123,42
2468772,125,8,"大批资源,有宝箱,",647,1539,1064;1058,0;0;2,步兵;步兵;骑兵,"幸谨甲:步兵(raw=0,sub=6)x1761 | 胡母季:步兵(raw=0,sub=6)x1553 | 卢荫宾:骑兵(raw=2,sub=10)x761",123,6
2471478,125,18,"大批资源,一些宝物,",543,1679,,4;2;0,战车;骑兵;步兵,"曾楠析:战车(raw=4,sub=4)x548 | 宗韵:骑兵(raw=2,sub=10)x792 | 弓我:步兵(raw=0,sub=6)x1460",123,18
2471925,125,48,"大批资源,",663,1654,,2;4;0,骑兵;战车;步兵,"相里年:骑兵(raw=2,sub=10)x865 | 鞠迎洁:战车(raw=4,sub=10)x821 | 崔萌:步兵(raw=0,sub=6)x1427",123,48
2472796,125,51,"大批资源,有宝箱,",513,1480,13569,2;1;4,骑兵;弓弩;战车,"宗政江大:骑兵(raw=2,sub=10)x914 | 时锖懏:弓弩(raw=1,sub=1)x1146 | 柴益:战车(raw=4,sub=10)x821",123,48
2469336,126,1,"大批资源,有装备,",545,1413,1064;1063,0;4;4,步兵;战车;战车,"蓟彬:步兵(raw=0,sub=6)x1674 | 茅双心:战车(raw=4,sub=10)x931 | 翟双卿:战车(raw=4,sub=1)x1186",126,0
2467411,126,9,"大批资源,",565,1621,1064,4;4;2,战车;战车;骑兵,"翟顺:战车(raw=4,sub=1)x1160 | 越翠笛:战车(raw=4,sub=4)x592 | 虞存丹:骑兵(raw=2,sub=10)x815",126,6
2469980,126,11,"大批资源,",635,1515,,0;4;4,步兵;战车;战车,"红时滨:步兵(raw=0,sub=6)x1584 | 欧阳温:战车(raw=4,sub=4)x518 | 双歌郁:战车(raw=4,sub=6)x1554",126,6
2472915,126,36,"大批资源,",513,1481,1064,0;4;0,步兵;战车;步兵,"于颜亦:步兵(raw=0,sub=6)x1404 | 邹豇:战车(raw=4,sub=6)x1589 | 郎宜:步兵(raw=0,sub=6)x1632",126,36
2466818,127,25,"大批资源,有宝箱,",514,1632,,0;4;0,步兵;战车;步兵,"支河:步兵(raw=0,sub=6)x1571 | 刁泓亘:战车(raw=4,sub=4)x573 | 柴京存:步兵(raw=0,sub=6)x1752",126,24
2471489,127,53,"大批资源,有宝箱,有装备,",599,1592,14849,4;4;0,战车;战车;步兵,"郏骄驽:战车(raw=4,sub=4)x535 | 农皓:战车(raw=4,sub=4)x522 | 钟离锦竹:步兵(raw=0,sub=6)x1466",126,48
2471565,128,18,"大批资源,有宝箱,有装备,",581,1593,1064;14849,4;1;1,战车;弓弩;弓弩,"苏希云:战车(raw=4,sub=10)x915 | 蔚燕:弓弩(raw=1,sub=1)x1258 | 孙钋:弓弩(raw=1,sub=1)x1172",126,18
2468955,128,19,"大批资源,",567,1634,,4;4;1,战车;战车;弓弩,"靳初:战车(raw=4,sub=10)x909 | 谢豇秀:战车(raw=4,sub=10)x843 | 景烨璐:弓弩(raw=1,sub=1)x1285",126,18
2470303,128,25,"大批资源,",679,1497,,4;0;0,战车;步兵;步兵,"戎虞宇:战车(raw=4,sub=1)x1269 | 詹通:步兵(raw=0,sub=6)x1706 | 瞿辰:步兵(raw=0,sub=6)x1542",126,24
2468379,129,13,"大批资源,有宝箱,",683,1458,1064,4;4;1,战车;战车;弓弩,"仰丽苑:战车(raw=4,sub=4)x533 | 束翠:战车(raw=4,sub=1)x1166 | 邬绪发:弓弩(raw=1,sub=1)x1179",129,12
2469328,129,19,"大批资源,有装备,",567,1667,,4;0;0,战车;步兵;步兵,"郁爽:战车(raw=4,sub=1)x1179 | 马溪:步兵(raw=0,sub=6)x1559 | 明珊姮:步兵(raw=0,sub=6)x1525",129,18
2469645,129,35,"大批资源,",637,1549,,0;4;0,步兵;战车;步兵,"隗熙:步兵(raw=0,sub=6)x1766 | 狄北:战车(raw=4,sub=6)x1557 | 太叔露:步兵(raw=0,sub=6)x1642",126,30
2472102,129,43,"大批资源,有装备,",598,1442,,2;1;1,骑兵;弓弩;弓弩,"郭魁:骑兵(raw=2,sub=10)x890 | 靳如:弓弩(raw=1,sub=1)x1180 | 淳于蕴孟:弓弩(raw=1,sub=1)x1116",129,42
2466851,130,3,"大批资源,",643,1527,1064;1064,4;2;2,战车;骑兵;骑兵,"屠欣湛:战车(raw=4,sub=6)x1571 | 钟钧:骑兵(raw=2,sub=10)x789 | 查嫒笑:骑兵(raw=2,sub=10)x775",129,0
2471056,130,10,"大批资源,",554,1508,,4;2;2,战车;骑兵;骑兵,"束希:战车(raw=4,sub=4)x511 | 敖绮菡:骑兵(raw=2,sub=10)x911 | 唐仙富:骑兵(raw=2,sub=10)x774",129,6
2471215,130,37,"大批资源,有宝箱,一些宝物,",590,1555,,2;4;0,骑兵;战车;步兵,"通新兆:骑兵(raw=2,sub=10)x905 | 岑凌:战车(raw=4,sub=10)x775 | 戎芙大:步兵(raw=0,sub=6)x1460",129,36
2468792,130,38,"大批资源,",508,1478,,4;0;2,战车;步兵;骑兵,"徐义:战车(raw=4,sub=10)x900 | 梁方夜:步兵(raw=0,sub=6)x1597 | 宇文甲洁:骑兵(raw=2,sub=10)x860",129,36
2470299,130,53,"大批资源,有装备,",555,1414,1064;16779265,0;4;0,步兵;战车;步兵,"璩懋柏:步兵(raw=0,sub=6)x1788 | 广悦双:战车(raw=4,sub=4)x582 | 车正存:步兵(raw=0,sub=6)x1433",129,48
2469089,131,50,"大批资源,",587,1595,1064,2;0;1,骑兵;步兵;弓弩,"石翰波:骑兵(raw=2,sub=10)x936 | 童容丽:步兵(raw=0,sub=6)x1406 | 车涉:弓弩(raw=1,sub=1)x1195",129,48
2466822,132,3,"大批资源,有宝箱,",607,1442,,4;2;4,战车;骑兵;战车,"闵掣彩:战车(raw=4,sub=6)x1535 | 宰璐:骑兵(raw=2,sub=10)x913 | 边基:战车(raw=4,sub=4)x600",132,0
2469811,132,19,"大批资源,有装备,",566,1607,,4;4;1,战车;战车;弓弩,"满艾:战车(raw=4,sub=4)x542 | 慎荷友:战车(raw=4,sub=4)x594 | 唐蝶:弓弩(raw=1,sub=1)x1174",132,18
2470219,132,25,"大批资源,有宝箱,",645,1674,13569,4;4;4,战车;战车;战车,"印鹏冠:战车(raw=4,sub=4)x549 | 乔冬:战车(raw=4,sub=6)x1667 | 费卉:战车(raw=4,sub=1)x1188",132,24
2472617,132,27,"大批资源,有宝箱,",517,1456,,4;4;1,战车;战车;弓弩,"秦新:战车(raw=4,sub=1)x1187 | 苏禧景:战车(raw=4,sub=4)x599 | 谢萌悦:弓弩(raw=1,sub=1)x1257",132,24
2469975,132,33,"大批资源,有宝箱,",560,1551,14849,4;4;1,战车;战车;弓弩,"单豇:战车(raw=4,sub=4)x531 | 郜籁旎:战车(raw=4,sub=10)x819 | 花城钊:弓弩(raw=1,sub=1)x1216",132,30
2470453,132,53,"大批资源,",553,1649,1064,4;0;4,战车;步兵;战车,"鲍懿旻:战车(raw=4,sub=4)x505 | 熊筠运:步兵(raw=0,sub=6)x1700 | 史旋尔:战车(raw=4,sub=10)x789",132,48
2466705,133,9,"大批资源,有宝箱,",617,1559,1063,0;0;2,步兵;步兵;骑兵,"党奕翠:步兵(raw=0,sub=6)x1564 | 詹紫宛:步兵(raw=0,sub=6)x1576 | 养恒墨:骑兵(raw=2,sub=10)x788",132,6
2472430,134,6,"大批资源,",630,1656,,2;2;4,骑兵;骑兵;战车,"子车紫妙:骑兵(raw=2,sub=10)x936 | 顾渊华:骑兵(raw=2,sub=10)x939 | 子车豆:战车(raw=4,sub=4)x570",132,6
2468842,134,17,"大批资源,有宝箱,",519,1466,14849,4;2;4,战车;骑兵;战车,"明佑芷:战车(raw=4,sub=6)x1406 | 亓官福:骑兵(raw=2,sub=10)x872 | 茅冉蕊:战车(raw=4,sub=4)x557",132,12
2466665,134,18,"大批资源,有宝箱,",557,1465,,0;2;0,步兵;骑兵;步兵,"巫马舟:步兵(raw=0,sub=6)x1442 | 公西雯:骑兵(raw=2,sub=10)x920 | 段瑞浦:步兵(raw=0,sub=6)x1696",132,18
2470065,134,26,"大批资源,",643,1420,,4;0;4,战车;步兵;战车,"戚琛笛:战车(raw=4,sub=4)x537 | 屠楠丝:步兵(raw=0,sub=6)x1634 | 别慕平:战车(raw=4,sub=6)x1511",132,24
2471532,134,28,"大批资源,",640,1683,,0;4;2,步兵;战车;骑兵,"弘敬:步兵(raw=0,sub=6)x1609 | 乐正宾:战车(raw=4,sub=4)x551 | 壤驷映颀:骑兵(raw=2,sub=10)x785",132,24
2471794,134,29,"大批资源,有宝箱,",638,1529,1064;1064,2;0;1,骑兵;步兵;弓弩,"华弼:骑兵(raw=2,sub=10)x788 | 南门琛双:步兵(raw=0,sub=6)x1663 | 束容昶:弓弩(raw=1,sub=1)x1198",132,24
2466930,134,42,"大批资源,有宝箱,",656,1664,,4;4;2,战车;战车;骑兵,"蒋澜:战车(raw=4,sub=1)x1166 | 郏材幻:战车(raw=4,sub=4)x538 | 璩通采:骑兵(raw=2,sub=10)x935",135,42
2470638,135,6,"大批资源,有装备,",611,1400,16785409,4;0;2,战车;步兵;骑兵,"毋绿:战车(raw=4,sub=4)x529 | 樊禧鹂:步兵(raw=0,sub=6)x1576 | 李昀轩:骑兵(raw=2,sub=10)x901",135,6
2470385,135,21,"大批资源,有装备,",510,1553,1054;16779521,4;2;2,战车;骑兵;骑兵,"段英:战车(raw=4,sub=4)x599 | 应静:骑兵(raw=2,sub=10)x875 | 杜柔:骑兵(raw=2,sub=10)x803",135,18
2470456,135,22,"大批资源,",577,1679,1064,4;4;4,战车;战车;战车,"邬格冬:战车(raw=4,sub=1)x1216 | 文专自:战车(raw=4,sub=10)x903 | 时青:战车(raw=4,sub=1)x1153",135,18
2467742,135,33,"大批资源,有宝箱,",700,1479,1064;1064,1;2;4,弓弩;骑兵;战车,"单希:弓弩(raw=1,sub=1)x1139 | 裴晨桂:骑兵(raw=2,sub=10)x911 | 沙庸致:战车(raw=4,sub=10)x855",135,30
2467508,135,55,"大批资源,有宝箱,",619,1410,14849,2;1;0,骑兵;弓弩;步兵,"匡通天:骑兵(raw=2,sub=10)x790 | 穆韫涤:弓弩(raw=1,sub=1)x1245 | 牛言润:步兵(raw=0,sub=6)x1692",135,54
2467611,137,36,"大批资源,有宝箱,一些宝物,",531,1652,1064,4;2;2,战车;骑兵;骑兵,"劳实尚:战车(raw=4,sub=1)x1174 | 俞慈:骑兵(raw=2,sub=10)x795 | 郝艾:骑兵(raw=2,sub=10)x881",135,36
2471855,137,41,"大批资源,",572,1700,,2;4;1,骑兵;战车;弓弩,"养念妙:骑兵(raw=2,sub=10)x809 | 倪汉:战车(raw=4,sub=4)x581 | 支音:弓弩(raw=1,sub=1)x1256",135,36
2468395,138,27,"大批资源,",532,1674,1064,4;2;2,战车;骑兵;骑兵,"扈邪:战车(raw=4,sub=6)x1478 | 晏琢:骑兵(raw=2,sub=10)x866 | 屈旎偲:骑兵(raw=2,sub=10)x820",138,24
2467812,138,39,"大批资源,",696,1638,1064,0;4;4,步兵;战车;战车,"巩敏怡:步兵(raw=0,sub=6)x1637 | 卢夏:战车(raw=4,sub=6)x1671 | 申屠勃琦:战车(raw=4,sub=4)x509",138,36
2466800,138,41,"大批资源,",641,1442,,2;1;4,骑兵;弓弩;战车,"宗炫:骑兵(raw=2,sub=10)x923 | 牧儿筠:弓弩(raw=1,sub=1)x1117 | 蓬香馨:战车(raw=4,sub=4)x573",138,36
2468850,139,14,"大批资源,",538,1679,1064,1;1;4,弓弩;弓弩;战车,"姜芬河:弓弩(raw=1,sub=1)x1146 | 诸凡:弓弩(raw=1,sub=1)x1287 | 厍秋:战车(raw=4,sub=6)x1692",138,12
2466477,141,3,"大批资源,有宝箱,",642,1453,1064,4;0;2,战车;步兵;骑兵,"吉凝书:战车(raw=4,sub=6)x1775 | 向佩:步兵(raw=0,sub=6)x1784 | 蒋含燕:骑兵(raw=2,sub=10)x764",141,0
2467143,141,21,"大批资源,有宝箱,有装备,",619,1494,,0;1;4,步兵;弓弩;战车,"曲倩:步兵(raw=0,sub=6)x1429 | 冷蕾黎:弓弩(raw=1,sub=1)x1300 | 牧凌梅:战车(raw=4,sub=4)x568",141,18
2467861,141,24,"大批资源,有宝箱,",515,1605,,2;4;1,骑兵;战车;弓弩,"祁亦昶:骑兵(raw=2,sub=10)x797 | 司马姝:战车(raw=4,sub=4)x600 | 逄希:弓弩(raw=1,sub=1)x1274",141,24
2466605,141,25,"大批资源,有宝箱,",636,1413,13569;1055,4;4;4,战车;战车;战车,"车堂:战车(raw=4,sub=1)x1181 | 养珺洁:战车(raw=4,sub=4)x594 | 却巧逸:战车(raw=4,sub=4)x549",141,24
2466684,141,51,"大批资源,有宝箱,",503,1500,1064,4;4;0,战车;战车;步兵,"邴典:战车(raw=4,sub=1)x1135 | 宦松:战车(raw=4,sub=4)x588 | 卜翮宇:步兵(raw=0,sub=6)x1592",147,48
2467968,142,11,"大批资源,有宝箱,有装备,一些宝物,",502,1680,16779521,2;0;4,骑兵;步兵;战车,"柳偲:骑兵(raw=2,sub=10)x809 | 相里晗婉:步兵(raw=0,sub=6)x1624 | 黎元卿:战车(raw=4,sub=4)x525",141,6
2471371,142,32,"大批资源,一些宝物,",643,1691,3073,0;1;0,步兵;弓弩;步兵,"牧辐锖:步兵(raw=0,sub=6)x1457 | 廉颖:弓弩(raw=1,sub=1)x1207 | 屈周涤:步兵(raw=0,sub=6)x1516",141,30
2470926,142,44,"大批资源,",629,1625,1064;1062,0;1;2,步兵;弓弩;骑兵,"乐正绿:步兵(raw=0,sub=6)x1590 | 卞祖:弓弩(raw=1,sub=1)x1149 | 连单:骑兵(raw=2,sub=10)x784",141,42
2469722,142,45,"大批资源,",637,1413,1064;1056,0;4;4,步兵;战车;战车,"陆晏:步兵(raw=0,sub=6)x1415 | 孔自:战车(raw=4,sub=4)x516 | 怀寻烟:战车(raw=4,sub=6)x1762",141,42
2472432,144,1,"大批资源,有宝箱,",532,1535,1064,0;2;1,步兵;骑兵;弓弩,"毋禧煦:步兵(raw=0,sub=6)x1621 | 鄂福顺:骑兵(raw=2,sub=10)x807 | 应婉:弓弩(raw=1,sub=1)x1122",144,0
2472533,144,8,"大批资源,有宝箱,有装备,",633,1699,1064;14849;16790273,1;4;4,弓弩;战车;战车,"咸娥涉:弓弩(raw=1,sub=1)x1188 | 容冷霓:战车(raw=4,sub=10)x935 | 羊松:战车(raw=4,sub=4)x578",144,6
2468744,144,20,"大批资源,有装备,",651,1668,,0;0;2,步兵;步兵;骑兵,"别华采:步兵(raw=0,sub=6)x1431 | 洪溪:步兵(raw=0,sub=6)x1761 | 庚雯沁:骑兵(raw=2,sub=10)x897",144,18
2471148,144,29,"大批资源,有宝箱,一些宝物,",583,1500,13569,0;0;1,步兵;步兵;弓弩,"乐博:步兵(raw=0,sub=6)x1624 | 龚瑾慧:步兵(raw=0,sub=6)x1518 | 汲扬元:弓弩(raw=1,sub=1)x1237",144,24
2468331,144,31,"大批资源,有宝箱,",679,1551,,2;1;0,骑兵;弓弩;步兵,"窦妙:骑兵(raw=2,sub=10)x886 | 韶忍澜:弓弩(raw=1,sub=1)x1225 | 鄂千:步兵(raw=0,sub=6)x1569",144,30
2470070,144,41,"大批资源,有宝箱,",609,1531,14849,0;0;1,步兵;步兵;弓弩,"谈鸥冉:步兵(raw=0,sub=6)x1578 | 莫宁:步兵(raw=0,sub=6)x1548 | 宿晶:弓弩(raw=1,sub=1)x1244",144,36
2466549,145,1,"大批资源,一些宝物,",553,1544,,0;2;1,步兵;骑兵;弓弩,"空悌:步兵(raw=0,sub=6)x1657 | 薛昶顺:骑兵(raw=2,sub=10)x838 | 俞升:弓弩(raw=1,sub=1)x1205",144,0
2468690,145,6,"大批资源,有宝箱,",547,1688,,0;0;1,步兵;步兵;弓弩,"宿畅:步兵(raw=0,sub=6)x1542 | 夏颖:步兵(raw=0,sub=6)x1742 | 卓谙淼:弓弩(raw=1,sub=1)x1135",144,6
2472385,145,15,"大批资源,有宝箱,",635,1448,13570;13570,4;2;2,战车;骑兵;骑兵,"司徒卉:战车(raw=4,sub=4)x519 | 陆雅:骑兵(raw=2,sub=10)x935 | 滕奕:骑兵(raw=2,sub=10)x785",144,12
2468393,145,32,"大批资源,有宝箱,",518,1454,14849;1064,2;1;2,骑兵;弓弩;骑兵,"姚穹:骑兵(raw=2,sub=10)x882 | 濮阳喷嫒:弓弩(raw=1,sub=1)x1112 | 齐冀旋:骑兵(raw=2,sub=10)x823",144,30
2468832,146,10,"大批资源,有宝箱,",598,1563,,2;2;1,骑兵;骑兵;弓弩,"宿开修:骑兵(raw=2,sub=10)x771 | 隆圣韶:骑兵(raw=2,sub=10)x793 | 巴颀晋:弓弩(raw=1,sub=1)x1135",144,6
2472908,146,44,"大批资源,有宝箱,一些宝物,",647,1487,14849,2;0;4,骑兵;步兵;战车,"熊定:骑兵(raw=2,sub=10)x939 | 万牙:步兵(raw=0,sub=6)x1400 | 翁之冷:战车(raw=4,sub=1)x1219",144,42
2472607,147,6,"大批资源,有宝箱,",584,1562,,1;0;1,弓弩;步兵;弓弩,"轩辕瑶仙:弓弩(raw=1,sub=1)x1156 | 郑元翰:步兵(raw=0,sub=6)x1423 | 相望彩:弓弩(raw=1,sub=1)x1197",147,6
2469123,147,8,"大批资源,有装备,",527,1502,,1;4;4,弓弩;战车;战车,"丰柳馨:弓弩(raw=1,sub=1)x1216 | 台简:战车(raw=4,sub=4)x538 | 鱼利欣:战车(raw=4,sub=10)x931",147,6
2470858,147,35,"大批资源,有装备,",638,1563,1064,1;0;1,弓弩;步兵;弓弩,"詹迎发:弓弩(raw=1,sub=1)x1100 | 朱醒:步兵(raw=0,sub=6)x1506 | 太叔焱鸿:弓弩(raw=1,sub=1)x1169",147,30
2471831,148,11,"大批资源,有宝箱,",665,1579,1064,4;0;2,战车;步兵;骑兵,"钮访临:战车(raw=4,sub=4)x578 | 经贞念:步兵(raw=0,sub=6)x1551 | 范宏:骑兵(raw=2,sub=10)x779",147,6
2467015,148,30,"大批资源,",634,1489,1064;1064,0;4;0,步兵;战车;步兵,"祁以:步兵(raw=0,sub=6)x1539 | 戴诩:战车(raw=4,sub=10)x847 | 狄勤:步兵(raw=0,sub=6)x1666",147,30
2467252,148,41,"大批资源,有宝箱,",652,1659,,0;2;2,步兵;骑兵;骑兵,"公良奇健:步兵(raw=0,sub=6)x1592 | 师越发:骑兵(raw=2,sub=10)x896 | 阮渺:骑兵(raw=2,sub=10)x913",147,36
2468004,150,32,"大批资源,有宝箱,",516,1680,,1;4;2,弓弩;战车;骑兵,"冉松晓:弓弩(raw=1,sub=1)x1201 | 别柳:战车(raw=4,sub=10)x814 | 宓庆波:骑兵(raw=2,sub=10)x883",150,30
2466570,150,44,"大批资源,有宝箱,有装备,",627,1621,1064,4;0;0,战车;步兵;步兵,"席玉:战车(raw=4,sub=6)x1626 | 余复温:步兵(raw=0,sub=6)x1759 | 台空:步兵(raw=0,sub=6)x1587",150,42
2468091,150,55,"大批资源,",561,1472,,0;2;2,步兵;骑兵;骑兵,"郗翼年:步兵(raw=0,sub=6)x1680 | 席巧葱:骑兵(raw=2,sub=10)x798 | 越人:骑兵(raw=2,sub=10)x780",150,54
2472490,151,4,"大批资源,有宝箱,一些宝物,",539,1441,1064;13570,1;1;0,弓弩;弓弩;步兵,"司空闻:弓弩(raw=1,sub=1)x1119 | 申屠松豇:弓弩(raw=1,sub=1)x1136 | 司空无人:步兵(raw=0,sub=6)x1545",150,0
2467440,151,10,"大批资源,有装备,",633,1620,,1;2;0,弓弩;骑兵;步兵,"胡丽:弓弩(raw=1,sub=1)x1176 | 支听:骑兵(raw=2,sub=10)x901 | 暴琪:步兵(raw=0,sub=6)x1573",150,6
2469910,151,13,"大批资源,有宝箱,一些宝物,",593,1511,3073;13569,4;1;2,战车;弓弩;骑兵,"郑卓汉:战车(raw=4,sub=1)x1196 | 屈默空:弓弩(raw=1,sub=1)x1255 | 诸晔:骑兵(raw=2,sub=10)x892",150,12
2469018,151,48,"大批资源,有宝箱,",524,1524,,0;0;4,步兵;步兵;战车,"梁蕴:步兵(raw=0,sub=6)x1498 | 咸彤觅:步兵(raw=0,sub=6)x1624 | 漆雕沉:战车(raw=4,sub=6)x1475",150,48
2468134,152,6,"大批资源,",630,1670,,4;2;4,战车;骑兵;战车,"鞠晗:战车(raw=4,sub=10)x856 | 公羊鹤河:骑兵(raw=2,sub=10)x818 | 狄无:战车(raw=4,sub=1)x1235",150,6
2466743,152,54,"大批资源,有宝箱,有装备,",502,1662,1064;16779009,4;1;4,战车;弓弩;战车,"解惠:战车(raw=4,sub=6)x1631 | 戈柳驰:弓弩(raw=1,sub=1)x1203 | 濮阳凡:战车(raw=4,sub=1)x1177",150,54
2468077,153,9,"大批资源,",529,1592,,1;0;4,弓弩;步兵;战车,"祝沁:弓弩(raw=1,sub=1)x1261 | 牛璧:步兵(raw=0,sub=6)x1573 | 傅友姮:战车(raw=4,sub=4)x572",153,6
2471760,153,13,"大批资源,",656,1526,,1;0;1,弓弩;步兵;弓弩,"孔牙歌:弓弩(raw=1,sub=1)x1123 | 叶幼:步兵(raw=0,sub=6)x1743 | 沙虎:弓弩(raw=1,sub=1)x1253",153,12
2467347,153,20,"大批资源,",535,1575,1064,4;0;2,战车;步兵;骑兵,"颜懋:战车(raw=4,sub=1)x1286 | 乌淑杉:步兵(raw=0,sub=6)x1800 | 宁溪彤:骑兵(raw=2,sub=10)x817",153,18
2467926,153,29,"大批资源,有宝箱,",647,1583,1064,4;1;4,战车;弓弩;战车,"成绪:战车(raw=4,sub=4)x546 | 太叔琛:弓弩(raw=1,sub=1)x1244 | 戎曦:战车(raw=4,sub=6)x1762",153,24
2471602,153,45,"大批资源,",642,1481,1064,2;4;1,骑兵;战车;弓弩,"那亦丹:骑兵(raw=2,sub=10)x807 | 乐正胤皓:战车(raw=4,sub=4)x559 | 冷倩芬:弓弩(raw=1,sub=1)x1251",153,42
2469343,154,14,"大批资源,有装备,",580,1401,,4;2;2,战车;骑兵;骑兵,"侯心吟:战车(raw=4,sub=4)x534 | 宰宛梅:骑兵(raw=2,sub=10)x768 | 田柏辐:骑兵(raw=2,sub=10)x776",153,12
2473038,154,29,"大批资源,",584,1669,1064;1064,4;4;1,战车;战车;弓弩,"王纶:战车(raw=4,sub=6)x1419 | 岑嫒舟:战车(raw=4,sub=10)x773 | 翁琛溪:弓弩(raw=1,sub=1)x1185",153,24
2471655,154,38,"大批资源,",529,1492,1064,0;4;0,步兵;战车;步兵,"祁子:步兵(raw=0,sub=6)x1678 | 何民:战车(raw=4,sub=1)x1246 | 蒲笛:步兵(raw=0,sub=6)x1704",153,36
2470384,154,44,"大批资源,",565,1401,1064;1064,4;4;4,战车;战车;战车,"施群溪:战车(raw=4,sub=1)x1284 | 卞季霁:战车(raw=4,sub=6)x1648 | 段沛:战车(raw=4,sub=4)x528",153,42
2468922,155,10,"大批资源,有宝箱,有装备,",636,1424,14849,0;0;4,步兵;步兵;战车,"汲高:步兵(raw=0,sub=6)x1557 | 红巧奇:步兵(raw=0,sub=6)x1526 | 路洁芬:战车(raw=4,sub=10)x760",153,6
2469671,156,23,"大批资源,",697,1406,,2;2;4,骑兵;骑兵;战车,"广悌:骑兵(raw=2,sub=10)x854 | 骆游昱:骑兵(raw=2,sub=10)x828 | 闵锦:战车(raw=4,sub=1)x1299",156,18
2467904,156,33,"大批资源,有宝箱,",633,1537,14849,4;1;1,战车;弓弩;弓弩,"边冰宇:战车(raw=4,sub=6)x1785 | 殷秀:弓弩(raw=1,sub=1)x1156 | 支文:弓弩(raw=1,sub=1)x1126",156,30
2468951,157,5,"大批资源,",656,1416,1064,4;4;1,战车;战车;弓弩,"孔新:战车(raw=4,sub=1)x1280 | 常倩碧:战车(raw=4,sub=4)x541 | 屈盼澜:弓弩(raw=1,sub=1)x1298",156,0
2469677,157,11,"大批资源,有装备,",503,1416,1064,1;0;2,弓弩;步兵;骑兵,"上官海:弓弩(raw=1,sub=1)x1178 | 郜希芹:步兵(raw=0,sub=6)x1536 | 支怜:骑兵(raw=2,sub=10)x785",156,6
2472056,157,32,"大批资源,有宝箱,",622,1537,14849,1;1;4,弓弩;弓弩;战车,"堵怡:弓弩(raw=1,sub=1)x1139 | 和丰浦:弓弩(raw=1,sub=1)x1130 | 廖奇:战车(raw=4,sub=4)x579",156,30
2471150,157,42,"大批资源,有宝箱,",612,1612,1064,2;4;2,骑兵;战车;骑兵,"包笑:骑兵(raw=2,sub=10)x820 | 边颜:战车(raw=4,sub=4)x580 | 毛彩:骑兵(raw=2,sub=10)x873",156,42
2472777,158,23,"大批资源,有宝箱,有装备,",526,1650,16779265,4;0;0,战车;步兵;步兵,"蓝代:战车(raw=4,sub=4)x543 | 鲁豇炫:步兵(raw=0,sub=6)x1742 | 廉心洁:步兵(raw=0,sub=6)x1556",156,18
2470461,158,44,"大批资源,有宝箱,",623,1578,1064,4;4;0,战车;战车;步兵,"吕羽方:战车(raw=4,sub=6)x1452 | 曲溪秀:战车(raw=4,sub=4)x582 | 申唱:步兵(raw=0,sub=6)x1655",156,42
2469823,159,7,"大批资源,",686,1496,1064,2;2;1,骑兵;骑兵;弓弩,"充歌:骑兵(raw=2,sub=10)x867 | 井千佑:骑兵(raw=2,sub=10)x783 | 屠曦:弓弩(raw=1,sub=1)x1102",159,6
2469457,159,16,"大批资源,有宝箱,",501,1417,14849,0;4;2,步兵;战车;骑兵,"欧阳英翔:步兵(raw=0,sub=6)x1716 | 唐溥礼:战车(raw=4,sub=4)x549 | 荀杉:骑兵(raw=2,sub=10)x865",159,12
2470159,159,24,"大批资源,有宝箱,",535,1600,1064,4;2;4,战车;骑兵;战车,"党吉:战车(raw=4,sub=10)x919 | 孙洁:骑兵(raw=2,sub=10)x779 | 家秀:战车(raw=4,sub=1)x1166",159,24
2469143,159,28,"大批资源,有宝箱,",687,1524,,4;2;4,战车;骑兵;战车,"宓尚:战车(raw=4,sub=1)x1212 | 金冠:骑兵(raw=2,sub=10)x821 | 伊土仙:战车(raw=4,sub=4)x542",159,24
2471078,159,43,"大批资源,有宝箱,",679,1570,,2;4;2,骑兵;战车;骑兵,"蓬从魂:骑兵(raw=2,sub=10)x891 | 荀偲新:战车(raw=4,sub=4)x517 | 干之童:骑兵(raw=2,sub=10)x897",159,42
2472175,160,14,"大批资源,",565,1485,,0;2;2,步兵;骑兵;骑兵,"詹智:步兵(raw=0,sub=6)x1675 | 夔同寒:骑兵(raw=2,sub=10)x863 | 仲长玥:骑兵(raw=2,sub=10)x922",159,12
2467488,160,22,"大批资源,",657,1660,,2;0;0,骑兵;步兵;步兵,"相问:骑兵(raw=2,sub=10)x802 | 郦木树:步兵(raw=0,sub=6)x1738 | 西门颖芙:步兵(raw=0,sub=6)x1742",159,18
2466561,160,27,"大批资源,",576,1489,1064;1064,0;0;1,步兵;步兵;弓弩,"米与析:步兵(raw=0,sub=6)x1682 | 国冷雅:步兵(raw=0,sub=6)x1748 | 凌潍涵:弓弩(raw=1,sub=1)x1258",159,24
2469836,160,44,"大批资源,",686,1532,1064,4;0;0,战车;步兵;步兵,"文艾:战车(raw=4,sub=1)x1151 | 宗正曦:步兵(raw=0,sub=6)x1580 | 单穰策:步兵(raw=0,sub=6)x1769",159,42
2467224,161,7,"大批资源,有宝箱,有装备,",681,1612,14849,1;4;4,弓弩;战车;战车,"宋薇旋:弓弩(raw=1,sub=1)x1231 | 安枫举:战车(raw=4,sub=6)x1760 | 羿昊:战车(raw=4,sub=10)x938",159,6
2468308,162,0,"大批资源,有宝箱,",636,1560,,4;0;4,战车;步兵;战车,"顾资琦:战车(raw=4,sub=4)x564 | 俞颖:步兵(raw=0,sub=6)x1419 | 宫碧:战车(raw=4,sub=10)x785",162,0
2467656,162,6,"大批资源,",608,1428,,4;0;0,战车;步兵;步兵,"顾策:战车(raw=4,sub=10)x775 | 勾凌:步兵(raw=0,sub=6)x1782 | 梁信倪:步兵(raw=0,sub=6)x1704",162,6
2466928,162,17,"大批资源,有宝箱,",663,1470,13569,0;0;1,步兵;步兵;弓弩,"温童:步兵(raw=0,sub=6)x1799 | 萧黛:步兵(raw=0,sub=6)x1613 | 柳浚:弓弩(raw=1,sub=1)x1254",162,12
2468591,162,34,"大批资源,有宝箱,一些宝物,",645,1641,14849,2;2;4,骑兵;骑兵;战车,"申屠玥玥:骑兵(raw=2,sub=10)x938 | 苏红:骑兵(raw=2,sub=10)x925 | 李蕊柳:战车(raw=4,sub=6)x1416",162,30
2467690,163,0,"大批资源,有宝箱,",581,1411,13569,2;4;4,骑兵;战车;战车,"家雪实:骑兵(raw=2,sub=10)x922 | 松北:战车(raw=4,sub=4)x500 | 师醒:战车(raw=4,sub=4)x541",162,0
2470962,163,30,"大批资源,有宝箱,",651,1675,,0;4;0,步兵;战车;步兵,"薄念:步兵(raw=0,sub=6)x1606 | 查果:战车(raw=4,sub=10)x925 | 邢迎:步兵(raw=0,sub=6)x1487",162,30
2472620,163,48,"大批资源,",529,1532,,4;4;4,战车;战车;战车,"齐彤鹏:战车(raw=4,sub=6)x1445 | 喻杰典:战车(raw=4,sub=4)x580 | 雷强工:战车(raw=4,sub=1)x1225",162,48
2467888,164,7,"大批资源,有宝箱,有装备,",691,1573,1064;16785409,0;2;2,步兵;骑兵;骑兵,"柴曦逸:步兵(raw=0,sub=6)x1717 | 仲游:骑兵(raw=2,sub=10)x900 | 仲长德福:骑兵(raw=2,sub=10)x875",162,6
2469049,164,19,"大批资源,有宝箱,",541,1622,1064;14849,0;0;1,步兵;步兵;弓弩,"谢发程:步兵(raw=0,sub=6)x1582 | 梅丽向:步兵(raw=0,sub=6)x1777 | 景经玉:弓弩(raw=1,sub=1)x1280",162,18
2470300,164,22,"大批资源,",501,1559,1064;1064,4;2;2,战车;骑兵;骑兵,"闵能:战车(raw=4,sub=4)x509 | 万月舟:骑兵(raw=2,sub=10)x790 | 彭绍刚:骑兵(raw=2,sub=10)x873",162,18
2470122,164,46,"大批资源,有宝箱,",544,1574,1064,4;2;1,战车;骑兵;弓弩,"储斯翼:战车(raw=4,sub=4)x548 | 卓浦:骑兵(raw=2,sub=10)x804 | 池颂:弓弩(raw=1,sub=1)x1279",162,42
2470606,165,13,"大批资源,有宝箱,",630,1590,,4;1;4,战车;弓弩;战车,"牛煊:战车(raw=4,sub=10)x773 | 相里荫:弓弩(raw=1,sub=1)x1105 | 钟离河:战车(raw=4,sub=10)x819",165,12
2470712,165,22,"大批资源,有宝箱,",623,1639,1064;13570,2;1;2,骑兵;弓弩;骑兵,"曾君化:骑兵(raw=2,sub=10)x899 | 弘诩烨:弓弩(raw=1,sub=1)x1204 | 邵慧丝:骑兵(raw=2,sub=10)x911",165,18
2471317,165,24,"大批资源,有宝箱,",505,1685,,4;0;4,战车;步兵;战车,"怀璨:战车(raw=4,sub=4)x577 | 庚蕊:步兵(raw=0,sub=6)x1629 | 蒋烁清:战车(raw=4,sub=4)x505",165,24
2469186,165,52,"大批资源,有宝箱,",514,1522,14849,0;0;0,步兵;步兵;步兵,"鄂实:步兵(raw=0,sub=6)x1617 | 荀秋唱:步兵(raw=0,sub=6)x1539 | 漆雕天旎:步兵(raw=0,sub=6)x1504",165,48
2470929,166,2,"大批资源,有宝箱,",560,1481,,0;4;1,步兵;战车;弓弩,"充楠惠:步兵(raw=0,sub=6)x1631 | 山庆:战车(raw=4,sub=1)x1192 | 吉锵:弓弩(raw=1,sub=1)x1243",165,0
2468392,166,9,"大批资源,",638,1671,,1;2;2,弓弩;骑兵;骑兵,"雍胤慈:弓弩(raw=1,sub=1)x1280 | 牛仙姮:骑兵(raw=2,sub=10)x885 | 酆曼:骑兵(raw=2,sub=10)x829",165,6
2470713,166,20,"大批资源,",560,1485,,0;4;4,步兵;战车;战车,"丁筠:步兵(raw=0,sub=6)x1475 | 牛翮:战车(raw=4,sub=4)x538 | 蒲全峻:战车(raw=4,sub=4)x543",165,18
2472869,166,55,"大批资源,",669,1406,,4;1;4,战车;弓弩;战车,"易璧:战车(raw=4,sub=6)x1652 | 查弼:弓弩(raw=1,sub=1)x1191 | 傅昂冷:战车(raw=4,sub=4)x596",165,54
2472563,167,17,"大批资源,",673,1546,,1;1;4,弓弩;弓弩;战车,"茅旋:弓弩(raw=1,sub=1)x1210 | 文方:弓弩(raw=1,sub=1)x1225 | 赫连莹:战车(raw=4,sub=4)x504",165,12
2468448,167,37,"大批资源,有宝箱,",682,1520,1064,4;4;2,战车;战车;骑兵,"习笛:战车(raw=4,sub=6)x1463 | 都洁:战车(raw=4,sub=10)x918 | 陆元熙:骑兵(raw=2,sub=10)x806",165,36
2472402,167,49,"大批资源,有宝箱,有装备,",500,1566,14849,4;2;2,战车;骑兵;骑兵,"史鑫驰:战车(raw=4,sub=1)x1189 | 孔龙瑾:骑兵(raw=2,sub=10)x866 | 羊亦宾:骑兵(raw=2,sub=10)x810",165,48
2469164,168,8,"大批资源,有宝箱,",644,1613,1064,2;4;1,骑兵;战车;弓弩,"姬魂璧:骑兵(raw=2,sub=10)x910 | 濮栩坚:战车(raw=4,sub=4)x563 | 耿昶:弓弩(raw=1,sub=1)x1257",168,6
2468283,168,9,"大批资源,",502,1426,,4;4;2,战车;战车;骑兵,"花玮:战车(raw=4,sub=4)x599 | 雷斌原:战车(raw=4,sub=1)x1249 | 淳于春:骑兵(raw=2,sub=10)x855",168,6
2467451,168,38,"大批资源,",651,1611,1064,2;2;2,骑兵;骑兵;骑兵,"麻朝:骑兵(raw=2,sub=10)x828 | 时萱蝶:骑兵(raw=2,sub=10)x851 | 阎鸿鑫:骑兵(raw=2,sub=10)x861",168,36
2469743,168,48,"大批资源,",590,1475,,4;4;0,战车;战车;步兵,"霍菱谷:战车(raw=4,sub=4)x554 | 鲁实:战车(raw=4,sub=4)x589 | 姜江:步兵(raw=0,sub=6)x1690",168,48
2472744,169,13,"大批资源,",509,1621,,4;0;4,战车;步兵;战车,"储萍:战车(raw=4,sub=4)x516 | 于偲家:步兵(raw=0,sub=6)x1773 | 宣光:战车(raw=4,sub=10)x789",168,12
2468446,169,22,"大批资源,有宝箱,",584,1691,,0;1;4,步兵;弓弩;战车,"贡茵:步兵(raw=0,sub=6)x1411 | 怀容楠:弓弩(raw=1,sub=1)x1189 | 杭立:战车(raw=4,sub=4)x513",168,18
2469070,169,45,"大批资源,有宝箱,",637,1552,,2;4;2,骑兵;战车;骑兵,"弓洽:骑兵(raw=2,sub=10)x849 | 焦自:战车(raw=4,sub=10)x864 | 东方程:骑兵(raw=2,sub=10)x836",168,42
2469766,170,4,"大批资源,",694,1694,,4;2;1,战车;骑兵;弓弩,"乌悟:战车(raw=4,sub=4)x513 | 柴皓进:骑兵(raw=2,sub=10)x787 | 陶钧勇:弓弩(raw=1,sub=1)x1167",168,0
2469427,170,40,"大批资源,",675,1541,1064,0;1;4,步兵;弓弩;战车,"鲍曼千:步兵(raw=0,sub=6)x1534 | 祝容夜:弓弩(raw=1,sub=1)x1275 | 尚萍枫:战车(raw=4,sub=10)x887",168,36
2472267,170,46,"大批资源,有宝箱,",672,1402,14849;1064,1;4;0,弓弩;战车;步兵,"柴青:弓弩(raw=1,sub=1)x1226 | 郏作问:战车(raw=4,sub=4)x520 | 邓虞:步兵(raw=0,sub=6)x1453",168,42
2466712,171,9,"大批资源,",553,1505,1064,2;2;4,骑兵;骑兵;战车,"陈闻:骑兵(raw=2,sub=10)x875 | 倪宛虹:骑兵(raw=2,sub=10)x803 | 司寇怡:战车(raw=4,sub=1)x1216",171,6
2470766,171,33,"大批资源,有宝箱,有装备,",689,1699,14849,1;2;0,弓弩;骑兵;步兵,"鲁亦:弓弩(raw=1,sub=1)x1264 | 戴时璐:骑兵(raw=2,sub=10)x926 | 吴映瑜:步兵(raw=0,sub=6)x1761",171,30
2467287,172,52,"大批资源,有装备,",648,1547,16779009,2;1;2,骑兵;弓弩;骑兵,"荣歌:骑兵(raw=2,sub=10)x848 | 蓟丽宇:弓弩(raw=1,sub=1)x1178 | 黎旻:骑兵(raw=2,sub=10)x905",171,48
2469293,173,1,"大批资源,有宝箱,",622,1605,14849;1064,2;4;4,骑兵;战车;战车,"胡母豇清:骑兵(raw=2,sub=10)x795 | 翟彦乾:战车(raw=4,sub=1)x1256 | 朱尚:战车(raw=4,sub=4)x550",171,0
2472971,173,13,"大批资源,",667,1414,,2;2;2,骑兵;骑兵;骑兵,"湛发:骑兵(raw=2,sub=10)x807 | 范娇雪:骑兵(raw=2,sub=10)x777 | 全海:骑兵(raw=2,sub=10)x922",171,12
2469852,173,14,"大批资源,有宝箱,",695,1456,14849,4;1;0,战车;弓弩;步兵,"逄雯家:战车(raw=4,sub=10)x852 | 司慕菡:弓弩(raw=1,sub=1)x1192 | 钱宇:步兵(raw=0,sub=6)x1683",171,12
2469676,173,24,"大批资源,有宝箱,",623,1507,14849,4;1;4,战车;弓弩;战车,"邱仁慈:战车(raw=4,sub=4)x562 | 谷葱实:弓弩(raw=1,sub=1)x1233 | 江怀忆:战车(raw=4,sub=4)x555",171,24
2471816,173,26,"大批资源,",507,1553,1064,0;4;0,步兵;战车;步兵,"国存:步兵(raw=0,sub=6)x1437 | 毋冷卿:战车(raw=4,sub=6)x1548 | 禄熙枫:步兵(raw=0,sub=6)x1609",171,24
2471084,173,49,"大批资源,",506,1609,,0;1;4,步兵;弓弩;战车,"冷惠:步兵(raw=0,sub=6)x1747 | 裴简轩:弓弩(raw=1,sub=1)x1134 | 梁自靖:战车(raw=4,sub=6)x1534",171,48
2470495,174,27,"大批资源,",625,1579,1064,2;4;0,骑兵;战车;步兵,"孙谊涤:骑兵(raw=2,sub=10)x848 | 司马之淑:战车(raw=4,sub=6)x1633 | 陆莫:步兵(raw=0,sub=6)x1458",174,24
2468553,174,46,"大批资源,",642,1550,,1;4;4,弓弩;战车;战车,"劳羽:弓弩(raw=1,sub=1)x1165 | 蒙捷:战车(raw=4,sub=6)x1473 | 凌鹍:战车(raw=4,sub=6)x1625",174,42
2470502,175,25,"大批资源,",566,1524,,0;2;1,步兵;骑兵;弓弩,"陶婕萱:步兵(raw=0,sub=6)x1620 | 荀心唱:骑兵(raw=2,sub=10)x872 | 韦豫琛:弓弩(raw=1,sub=1)x1283",174,24
2471899,175,29,"大批资源,有宝箱,",671,1430,13569;14849,4;4;2,战车;战车;骑兵,"蓬泽:战车(raw=4,sub=1)x1258 | 彭圆煦:战车(raw=4,sub=4)x521 | 房基:骑兵(raw=2,sub=10)x867",174,24
2466633,176,20,"大批资源,有装备,",573,1575,,4;0;2,战车;步兵;骑兵,"扈石龙:战车(raw=4,sub=4)x549 | 沙鑫凌:步兵(raw=0,sub=6)x1575 | 水熙:骑兵(raw=2,sub=10)x860",174,18
2469148,177,0,"大批资源,",632,1457,,4;1;4,战车;弓弩;战车,"扈悦沛:战车(raw=4,sub=1)x1222 | 司徒云忆:弓弩(raw=1,sub=1)x1176 | 窦萌:战车(raw=4,sub=4)x596",177,0
2469539,177,10,"大批资源,",668,1522,,2;0;1,骑兵;步兵;弓弩,"麻心怡:骑兵(raw=2,sub=10)x863 | 隆彤艾:步兵(raw=0,sub=6)x1408 | 樊帅於:弓弩(raw=1,sub=1)x1248",177,6
2472381,177,23,"大批资源,",580,1538,,4;1;1,战车;弓弩;弓弩,"向嫒:战车(raw=4,sub=1)x1242 | 敖豇举:弓弩(raw=1,sub=1)x1219 | 贡彩:弓弩(raw=1,sub=1)x1256",177,18
2470859,177,32,"大批资源,有宝箱,",650,1503,1064,0;2;4,步兵;骑兵;战车,"谷珊瑜:步兵(raw=0,sub=6)x1667 | 钮拔芮:骑兵(raw=2,sub=10)x792 | 荀阳彬:战车(raw=4,sub=10)x925",177,30
2468890,177,37,"大批资源,有宝箱,",624,1592,14849,0;2;2,步兵;骑兵;骑兵,"田元:步兵(raw=0,sub=6)x1484 | 印娴南:骑兵(raw=2,sub=10)x792 | 龙齐语:骑兵(raw=2,sub=10)x925",177,36
2466632,177,42,"大批资源,有宝箱,",577,1559,,4;4;1,战车;战车;弓弩,"管晴:战车(raw=4,sub=10)x784 | 慎唱:战车(raw=4,sub=6)x1430 | 台霁:弓弩(raw=1,sub=1)x1177",177,42
2466812,178,17,"大批资源,一些宝物,",686,1400,1064;1056,1;2;0,弓弩;骑兵;步兵,"东宇逸:弓弩(raw=1,sub=1)x1251 | 纪旋莫:骑兵(raw=2,sub=10)x872 | 昝锖:步兵(raw=0,sub=6)x1749",177,12
2469329,178,38,"大批资源,有宝箱,一些宝物,",603,1616,1064;1064,2;4;4,骑兵;战车;战车,"梅温:骑兵(raw=2,sub=10)x933 | 郝菱锦:战车(raw=4,sub=4)x573 | 宁宛惠:战车(raw=4,sub=6)x1701",177,36
2466825,179,12,"大批资源,",513,1530,1055,4;2;4,战车;骑兵;战车,"通采:战车(raw=4,sub=4)x584 | 景玟蕾:骑兵(raw=2,sub=10)x780 | 戚钧:战车(raw=4,sub=4)x517",177,12
2471059,179,26,"大批资源,",521,1642,1058,2;1;1,骑兵;弓弩;弓弩,"长孙嫒:骑兵(raw=2,sub=10)x790 | 栾萱霜:弓弩(raw=1,sub=1)x1214 | 鞠莲觅:弓弩(raw=1,sub=1)x1294",177,24
2469673,179,43,"大批资源,有宝箱,",506,1470,13570,0;2;4,步兵;骑兵;战车,"秋仙香:步兵(raw=0,sub=6)x1661 | 萧心:骑兵(raw=2,sub=10)x830 | 甘玉晴:战车(raw=4,sub=10)x784",177,42
2470622,180,10,"大批资源,有宝箱,",691,1480,,0;4;4,步兵;战车;战车,"桂熏:步兵(raw=0,sub=6)x1703 | 乜朝彬:战车(raw=4,sub=1)x1192 | 萧瑜亮:战车(raw=4,sub=4)x581",180,6
2472758,180,11,"大批资源,有宝箱,",690,1480,13569,1;2;2,弓弩;骑兵;骑兵,"杜风:弓弩(raw=1,sub=1)x1119 | 邵羽:骑兵(raw=2,sub=10)x904 | 松单:骑兵(raw=2,sub=10)x796",180,6
2472648,180,16,"大批资源,有宝箱,有装备,",504,1569,14849,0;4;0,步兵;战车;步兵,"常觅禹:步兵(raw=0,sub=6)x1649 | 阚慨:战车(raw=4,sub=4)x555 | 羿魁:步兵(raw=0,sub=6)x1412",180,12
2470026,180,18,"大批资源,有装备,",626,1540,1064,2;0;0,骑兵;步兵;步兵,"施松芷:骑兵(raw=2,sub=10)x766 | 宦颀勃:步兵(raw=0,sub=6)x1584 | 终清黛:步兵(raw=0,sub=6)x1729",180,18
2469426,180,34,"大批资源,有宝箱,",632,1677,,1;4;0,弓弩;战车;步兵,"刁诗夜:弓弩(raw=1,sub=1)x1155 | 卫宁:战车(raw=4,sub=4)x541 | 詹栩旋:步兵(raw=0,sub=6)x1491",180,30
2470504,180,46,"大批资源,有宝箱,",554,1490,13569,1;0;2,弓弩;步兵;骑兵,"危昂洁:弓弩(raw=1,sub=1)x1179 | 林枫叡:步兵(raw=0,sub=6)x1597 | 后峯德:骑兵(raw=2,sub=10)x867",180,42
2467599,181,8,"大批资源,",640,1699,,1;1;1,弓弩;弓弩;弓弩,"花民:弓弩(raw=1,sub=1)x1117 | 王铃:弓弩(raw=1,sub=1)x1215 | 公羊修:弓弩(raw=1,sub=1)x1156",180,6
2467079,181,12,"大批资源,",526,1622,,4;1;4,战车;弓弩;战车,"璩逸冷:战车(raw=4,sub=1)x1167 | 丁栩懿:弓弩(raw=1,sub=1)x1239 | 曲晤鑫:战车(raw=4,sub=1)x1244",180,12
2468720,181,15,"大批资源,有宝箱,",568,1593,,0;1;0,步兵;弓弩;步兵,"淳于潇珠:步兵(raw=0,sub=6)x1504 | 子车萌初:弓弩(raw=1,sub=1)x1260 | 殴绪旭:步兵(raw=0,sub=6)x1403",180,12
2470128,181,32,"大批资源,有装备,",687,1571,1064,1;0;0,弓弩;步兵;步兵,"叶谨:弓弩(raw=1,sub=1)x1242 | 应铃:步兵(raw=0,sub=6)x1519 | 沈向菲:步兵(raw=0,sub=6)x1612",180,30
2470098,182,20,"大批资源,有宝箱,",608,1421,,0;1;1,步兵;弓弩;弓弩,"祝卿:步兵(raw=0,sub=6)x1487 | 文本蓄:弓弩(raw=1,sub=1)x1195 | 路冉:弓弩(raw=1,sub=1)x1197",180,18
2473076,182,30,"大批资源,有宝箱,",505,1692,1064;1060,4;2;1,战车;骑兵;弓弩,"郎年:战车(raw=4,sub=4)x512 | 于楚紫:骑兵(raw=2,sub=10)x918 | 程偲:弓弩(raw=1,sub=1)x1267",180,30
2470263,183,8,"大批资源,",636,1509,1062,1;4;2,弓弩;战车;骑兵,"欧阳略:弓弩(raw=1,sub=1)x1237 | 殳笑简:战车(raw=4,sub=4)x548 | 郏高芮:骑兵(raw=2,sub=10)x875",183,6
2467486,183,11,"大批资源,有装备,",511,1593,,0;4;1,步兵;战车;弓弩,"弓炳:步兵(raw=0,sub=6)x1433 | 金彩问:战车(raw=4,sub=4)x552 | 吕豇:弓弩(raw=1,sub=1)x1187",183,6
2472021,183,32,"大批资源,有宝箱,",654,1499,1064,1;4;0,弓弩;战车;步兵,"田瑜:弓弩(raw=1,sub=1)x1122 | 宓邢路:战车(raw=4,sub=10)x839 | 郑墨联:步兵(raw=0,sub=6)x1453",183,30
2469349,183,48,"大批资源,有宝箱,",581,1441,1064;1064,2;4;4,骑兵;战车;战车,"勾聪许:骑兵(raw=2,sub=10)x907 | 丁平:战车(raw=4,sub=10)x920 | 冀灵:战车(raw=4,sub=4)x530",183,48
2468840,184,7,"大批资源,",549,1505,,0;4;0,步兵;战车;步兵,"鲁初铃:步兵(raw=0,sub=6)x1605 | 苏菱:战车(raw=4,sub=10)x853 | 郦凡牙:步兵(raw=0,sub=6)x1491",183,6
2466656,184,12,"大批资源,",528,1615,1064,4;0;0,战车;步兵;步兵,"郏实:战车(raw=4,sub=6)x1733 | 唐群煜:步兵(raw=0,sub=6)x1454 | 毛薄禹:步兵(raw=0,sub=6)x1626",183,12
2466920,184,15,"大批资源,有宝箱,有装备,一些宝物,",543,1691,13570;16779265,0;4;4,步兵;战车;战车,"卢豆晓:步兵(raw=0,sub=6)x1406 | 史皓开:战车(raw=4,sub=4)x529 | 张举晟:战车(raw=4,sub=10)x787",183,12
2469894,184,46,"大批资源,有宝箱,",559,1516,,4;1;4,战车;弓弩;战车,"郗家:战车(raw=4,sub=10)x895 | 司佑珠:弓弩(raw=1,sub=1)x1100 | 欧阳莫:战车(raw=4,sub=1)x1138",183,42
