field,descriptor,writer,writer_code_off,write_offset,instruction,nearby_instructions
z.C3,B,LscriptPages/game/k0;->f0()I,0x3bf6cc,0x0a4e,"v3, LscriptPages/game/z;->C3 B","0x0a38:invoke-static v5, v6, LscriptPages/data/d;->r(J)J || 0x0a3e:move-result-wide v4 || 0x0a40:invoke-static v3, v4, v5, Lo/a;->c3(I J)I || 0x0a46:move-result v3 || 0x0a48:sput v3, LscriptPages/game/k0;->D2 I || 0x0a4c:const/4 v3, 1 || 0x0a4e:sput-byte v3, LscriptPages/game/z;->C3 B || 0x0a52:invoke-static LscriptPages/data/d;->C()[J || 0x0a58:move-result-object v4 || 0x0a5a:aget-wide v5, v4, v0 || 0x0a5e:invoke-static v5, v6, LscriptPages/data/d;->r(J)J"
z.C3,B,LscriptPages/game/k0;->f0()I,0x3bf6cc,0x0ab0,"v0, LscriptPages/game/z;->C3 B","0x0a9c:sput-byte v10, LscriptPages/game/k0;->k2 B || 0x0aa0:const/4 v1, 0 || 0x0aa2:invoke-static v0, v1, LscriptPages/game/q;->C0(I I)V || 0x0aa8:goto/16 +079h || 0x0aac:array-length v4, v4 || 0x0aae:sub-int/2addr v3, v4 || 0x0ab0:sput-byte v0, LscriptPages/game/z;->C3 B || 0x0ab4:sget-object v4, LscriptPages/game/k0;->u2 [J || 0x0ab8:aget-wide v5, v4, v3 || 0x0abc:invoke-static v5, v6, LscriptPages/data/d;->r(J)J || 0x0ac2:move-result-wide v4"
z.C3,B,LscriptPages/game/k0;->f0()I,0x3bf6cc,0x0bd8,"v1, LscriptPages/game/z;->C3 B","0x0bc0:invoke-static v0, v4, v5, Lo/a;->c3(I J)I || 0x0bc6:move-result v2 || 0x0bc8:sput v2, LscriptPages/game/k0;->l2 I || 0x0bcc:invoke-static v0, v2, Lo/a;->v4(I I)I || 0x0bd2:move-result v2 || 0x0bd4:if-nez v2, +0b5h || 0x0bd8:sput-byte v1, LscriptPages/game/z;->C3 B || 0x0bdc:sget-boolean v0, LscriptPages/game/k0;->a Z || 0x0be0:const-string v1, ""di_提示装备中"" || 0x0be4:const/16 v2, 1836 || 0x0be8:if-eqz v0, +029h"
z.C3,B,LscriptPages/game/k0;->f0()I,0x3bf6cc,0x0c18,"v0, LscriptPages/game/z;->C3 B","0x0c04:sget v6, LscriptPages/gameHD/c;->G I || 0x0c08:mul-int v3, v3, v6 || 0x0c0c:add-int/2addr v3, v0 || 0x0c0e:sget-object v0, LscriptPages/gameHD/c;->a0 [J || 0x0c12:aget-wide v6, v0, v3 || 0x0c16:const/4 v0, 1 || 0x0c18:sput-byte v0, LscriptPages/game/z;->C3 B || 0x0c1c:const/4 v0, 0 || 0x0c1e:invoke-static v2, v1, v0, LscriptPages/data/g;->I1(I Ljava/lang/String; [[Ljava/lang/String;)Ljava/lang/String; || 0x0c24:move-result-object v0 || 0x0c26:invoke-static v0, LscriptPages/game/r0;->c0(Ljava/lang/String;)V"
z.C3,B,LscriptPages/game/k0;->f0()I,0x3bf6cc,0x0c5e,"v0, LscriptPages/game/z;->C3 B","0x0c4c:move-result v0 || 0x0c4e:invoke-static LscriptPages/data/d;->e()[J || 0x0c54:move-result-object v3 || 0x0c56:array-length v3, v3 || 0x0c58:if-ge v0, v3, +01eh || 0x0c5c:const/4 v0, 1 || 0x0c5e:sput-byte v0, LscriptPages/game/z;->C3 B || 0x0c62:const/4 v0, 0 || 0x0c64:invoke-static v2, v1, v0, LscriptPages/data/g;->I1(I Ljava/lang/String; [[Ljava/lang/String;)Ljava/lang/String; || 0x0c6a:move-result-object v0 || 0x0c6c:invoke-static v0, LscriptPages/game/r0;->c0(Ljava/lang/String;)V"
z.C3,B,LscriptPages/game/k0;->f0()I,0x3bf6cc,0x0cae,"v3, LscriptPages/game/z;->C3 B","0x0c9e:move-result v0 || 0x0ca0:invoke-static LscriptPages/data/d;->e()[J || 0x0ca6:move-result-object v3 || 0x0ca8:array-length v3, v3 || 0x0caa:sub-int/2addr v0, v3 || 0x0cac:const/4 v3, 1 || 0x0cae:sput-byte v3, LscriptPages/game/z;->C3 B || 0x0cb2:const/4 v3, 0 || 0x0cb4:invoke-static v2, v1, v3, LscriptPages/data/g;->I1(I Ljava/lang/String; [[Ljava/lang/String;)Ljava/lang/String; || 0x0cba:move-result-object v1 || 0x0cbc:invoke-static v1, LscriptPages/game/r0;->c0(Ljava/lang/String;)V"
z.C3,B,LscriptPages/game/k0;->f0()I,0x3bf6cc,0x0ce8,"v0, LscriptPages/game/z;->C3 B","0x0cd6:goto -51h || 0x0cd8:sget v0, LscriptPages/game/k0;->v2 I || 0x0cdc:sget-object v3, LscriptPages/game/k0;->s2 [J || 0x0ce0:array-length v6, v3 || 0x0ce2:if-ge v0, v6, +018h || 0x0ce6:const/4 v0, 1 || 0x0ce8:sput-byte v0, LscriptPages/game/z;->C3 B || 0x0cec:const/4 v0, 0 || 0x0cee:invoke-static v2, v1, v0, LscriptPages/data/g;->I1(I Ljava/lang/String; [[Ljava/lang/String;)Ljava/lang/String; || 0x0cf4:move-result-object v0 || 0x0cf6:invoke-static v0, LscriptPages/game/r0;->c0(Ljava/lang/String;)V"
z.C3,B,LscriptPages/game/k0;->f0()I,0x3bf6cc,0x0d1c,"v7, LscriptPages/game/z;->C3 B","0x0d10:goto +16h || 0x0d12:const/4 v6, 0 || 0x0d14:const/4 v7, 1 || 0x0d16:const/4 v8, 0 || 0x0d18:array-length v3, v3 || 0x0d1a:sub-int/2addr v0, v3 || 0x0d1c:sput-byte v7, LscriptPages/game/z;->C3 B || 0x0d20:invoke-static v2, v1, v8, LscriptPages/data/g;->I1(I Ljava/lang/String; [[Ljava/lang/String;)Ljava/lang/String; || 0x0d26:move-result-object v1 || 0x0d28:invoke-static v1, LscriptPages/game/r0;->c0(Ljava/lang/String;)V || 0x0d2e:sget-object v1, LscriptPages/game/k0;->u2 [J"
z.C3,B,LscriptPages/game/z;->M(Ljava/lang/String;)V,0x365c3c,0x0074,"v5, LscriptPages/game/z;->C3 B","0x005c:move-result-object v6 || 0x005e:invoke-static v6, LscriptPages/game/r0;->d0(Ljava/lang/String;)V || 0x0064:sget-byte v6, LscriptPages/game/z;->B3 B || 0x0068:if-ne v6, v5, +008h || 0x006c:sget-byte v2, LscriptPages/game/z;->C3 B || 0x0070:if-nez v2, +004h || 0x0074:sput-byte v5, LscriptPages/game/z;->C3 B || 0x0078:sget-byte v2, LscriptPages/game/z;->C3 B || 0x007c:if-ne v2, v5, +018h || 0x0080:if-ne v6, v5, +00eh || 0x0084:const/16 v6, 12"
z.C3,B,LscriptPages/game/z;->Q(Ljava/lang/String;)V,0x365f0c,0x0134,"v5, LscriptPages/game/z;->C3 B","0x011c:move-result-object v14 || 0x011e:invoke-static v14, LscriptPages/game/r0;->d0(Ljava/lang/String;)V || 0x0124:sget-byte v14, LscriptPages/game/z;->B3 B || 0x0128:if-ne v14, v5, +008h || 0x012c:sget-byte v2, LscriptPages/game/z;->C3 B || 0x0130:if-nez v2, +004h || 0x0134:sput-byte v5, LscriptPages/game/z;->C3 B || 0x0138:sget-byte v2, LscriptPages/game/z;->C3 B || 0x013c:if-ne v2, v5, +018h || 0x0140:if-ne v14, v5, +00eh || 0x0144:const/16 v14, 12"
z.C3,B,LscriptPages/game/z;->S(Ljava/lang/String;)V,0x366118,0x0128,"v1, LscriptPages/game/z;->C3 B","0x0110:invoke-static v5, LscriptPages/gameHD/g;->D(Z)V || 0x0116:goto +39h || 0x0118:sget-byte v0, LscriptPages/game/z;->B3 B || 0x011c:if-ne v0, v1, +008h || 0x0120:sget-byte v0, LscriptPages/game/z;->C3 B || 0x0124:if-nez v0, +004h || 0x0128:sput-byte v1, LscriptPages/game/z;->C3 B || 0x012c:sget-byte v0, LscriptPages/game/z;->C3 B || 0x0130:if-ne v0, v1, +012h || 0x0134:invoke-static LscriptPages/game/q;->h0()V || 0x013a:sget v0, LscriptPages/game/k0;->l2 I"
z.C3,B,LscriptPages/game/z;->W0()I,0x3582cc,0x0130,"v6, LscriptPages/game/z;->C3 B","0x0118:invoke-static v0, LscriptPages/game/r0;->d0(Ljava/lang/String;)V || 0x011e:goto +28h || 0x0120:const-string v0, ""equippop_dropoff"" || 0x0124:invoke-virtual v4, v0, Ljava/lang/String;->equals(Ljava/lang/Object;)Z || 0x012a:move-result v0 || 0x012c:if-eqz v0, +017h || 0x0130:sput-byte v6, LscriptPages/game/z;->C3 B || 0x0134:sget-wide v0, LscriptPages/game/z;->I1 J || 0x0138:sget-wide v2, LscriptPages/game/z;->H1 J || 0x013c:invoke-static v0, v1, v2, v3, v8, LscriptPages/game/z;->C0(J J I)V || 0x0142:const/16 v0, 1352"
z.C3,B,LscriptPages/game/z;->W0()I,0x3582cc,0x0326,"v6, LscriptPages/game/z;->C3 B","0x030e:invoke-static LscriptPages/gameHD/i;->k()V || 0x0314:goto +24h || 0x0316:if-ne v1, v8, +023h || 0x031a:invoke-static v0, v8, LscriptPages/game/q0;->n(Ljava/lang/String; Z)V || 0x0320:goto +1fh || 0x0322:if-ne v1, v9, +01dh || 0x0326:sput-byte v6, LscriptPages/game/z;->C3 B || 0x032a:sget-wide v1, LscriptPages/game/z;->I1 J || 0x032e:sget-object v3, LscriptPages/game/z;->N1 [J || 0x0332:invoke-static v0, Lv/a;->a0(Ljava/lang/String;)I || 0x0338:move-result v0"
z.C3,B,LscriptPages/gameHD/c;->n()I,0x41cc38,0x0998,"v3, LscriptPages/game/z;->C3 B","0x0984:add-int/2addr v4, v3 || 0x0986:sget-object v3, LscriptPages/gameHD/c;->a0 [J || 0x098a:aget-wide v11, v3, v4 || 0x098e:if-nez v0, +01ah || 0x0992:sput v10, LscriptPages/gameHD/c;->d0 I || 0x0996:const/4 v3, 1 || 0x0998:sput-byte v3, LscriptPages/game/z;->C3 B || 0x099c:invoke-static v11, v12, LscriptPages/data/d;->r(J)J || 0x09a2:move-result-wide v0 || 0x09a4:invoke-static v0, v1, v11, v12, v3, LscriptPages/game/z;->C0(J J I)V || 0x09aa:const/16 v0, 1352"
z.C3,B,LscriptPages/gameHD/g;->p()V,0x42feb0,0x06a2,"v5, LscriptPages/game/z;->C3 B","0x068e:move-result v0 || 0x0690:if-eqz v0, +043h || 0x0694:sput v11, LscriptPages/gameHD/g;->g I || 0x0698:goto +3fh || 0x069a:if-ne v1, v5, +019h || 0x069e:sput v10, LscriptPages/gameHD/g;->g I || 0x06a2:sput-byte v5, LscriptPages/game/z;->C3 B || 0x06a6:invoke-static v6, v7, LscriptPages/data/d;->r(J)J || 0x06ac:move-result-wide v0 || 0x06ae:invoke-static v0, v1, v6, v7, v5, LscriptPages/game/z;->C0(J J I)V || 0x06b4:const/16 v0, 1352"
z.C3,B,LscriptPages/gameHD/h;->B()I,0x4278fc,0x0798,"v0, LscriptPages/game/z;->C3 B","0x0784:goto/16 +3e4h || 0x0788:const/4 v3, 2 || 0x078a:if-ne v0, v3, +3e1h || 0x078e:const/16 v0, 13 || 0x0792:sput v0, LscriptPages/gameHD/h;->h I || 0x0796:const/4 v0, 1 || 0x0798:sput-byte v0, LscriptPages/game/z;->C3 B || 0x079c:invoke-static v14, v15, LscriptPages/data/d;->r(J)J || 0x07a2:move-result-wide v3 || 0x07a4:invoke-static v3, v4, v14, v15, v0, LscriptPages/game/z;->C0(J J I)V || 0x07aa:const/16 v0, 1352"
z.H1,J,LscriptPages/game/z;->b0(JIJI)V,0x3667f4,0x0000,"v1, LscriptPages/game/z;->H1 J","0x0000:sput-wide v1, LscriptPages/game/z;->H1 J || 0x0004:sput-wide v4, LscriptPages/game/z;->I1 J || 0x0008:sput v3, LscriptPages/game/z;->J1 I || 0x000c:const-wide/16 v3, -1 || 0x0010:cmp-long v5, v1, v3"
z.H1,J,LscriptPages/game/z;->d()V,0x35d070,0x005a,"v4, LscriptPages/game/z;->H1 J","0x0042:const/16 v1, 18 || 0x0046:sput-byte v1, LscriptPages/game/z;->E B || 0x004a:sget-object v1, LscriptPages/game/z;->A1 [I || 0x004e:sget-byte v2, LscriptPages/game/z;->y1 B || 0x0052:aget v3, v1, v2 || 0x0056:aget-wide v4, v0, v3 || 0x005a:sput-wide v4, LscriptPages/game/z;->H1 J || 0x005e:aget v6, v1, v2 || 0x0062:sget-wide v7, LscriptPages/game/z;->I1 J || 0x0066:const/4 v9, 0 || 0x0068:invoke-static/range v4 ... v9, LscriptPages/game/z;->b0(J I J I)V"
z.I1,J,LscriptPages/game/z;->Y0()I,0x35906c,0x0d8c,"v9, LscriptPages/game/z;->I1 J","0x0d74:aput-short v14, v10, v2 || 0x0d78:sput-object v10, LscriptPages/game/z;->x1 [S || 0x0d7c:sput-byte v5, LscriptPages/game/z;->y1 B || 0x0d80:sget-object v2, LscriptPages/game/z;->n [J || 0x0d84:sget v3, LscriptPages/game/z;->M I || 0x0d88:aget-wide v9, v2, v3 || 0x0d8c:sput-wide v9, LscriptPages/game/z;->I1 J || 0x0d90:aget-wide v9, v2, v3 || 0x0d94:invoke-static v9, v10, Lo/a;->z2(J)[J || 0x0d9a:move-result-object v2 || 0x0d9c:sput-object v2, LscriptPages/game/z;->z1 [J"
z.I1,J,LscriptPages/game/z;->b0(JIJI)V,0x3667f4,0x0004,"v4, LscriptPages/game/z;->I1 J","0x0000:sput-wide v1, LscriptPages/game/z;->H1 J || 0x0004:sput-wide v4, LscriptPages/game/z;->I1 J || 0x0008:sput v3, LscriptPages/game/z;->J1 I || 0x000c:const-wide/16 v3, -1 || 0x0010:cmp-long v5, v1, v3 || 0x0014:if-eqz v5, +008h"
z.J1,I,LscriptPages/game/z;->b0(JIJI)V,0x3667f4,0x0008,"v3, LscriptPages/game/z;->J1 I","0x0000:sput-wide v1, LscriptPages/game/z;->H1 J || 0x0004:sput-wide v4, LscriptPages/game/z;->I1 J || 0x0008:sput v3, LscriptPages/game/z;->J1 I || 0x000c:const-wide/16 v3, -1 || 0x0010:cmp-long v5, v1, v3 || 0x0014:if-eqz v5, +008h || 0x0018:invoke-static v1, v2, LscriptPages/data/d;->F(J)I"
z.J1,I,LscriptPages/game/z;->b0(JIJI)V,0x3667f4,0x0020,"v1, LscriptPages/game/z;->J1 I","0x0008:sput v3, LscriptPages/game/z;->J1 I || 0x000c:const-wide/16 v3, -1 || 0x0010:cmp-long v5, v1, v3 || 0x0014:if-eqz v5, +008h || 0x0018:invoke-static v1, v2, LscriptPages/data/d;->F(J)I || 0x001e:move-result v1 || 0x0020:sput v1, LscriptPages/game/z;->J1 I || 0x0024:int-to-byte v1, v6 || 0x0026:sput-byte v1, LscriptPages/game/z;->K1 B || 0x002a:const/4 v2, 1 || 0x002c:if-nez v1, +013h"
z.N1,[J,LscriptPages/game/z;->W0()I,0x3582cc,0x0076,"v0, LscriptPages/game/z;->N1 [J","0x005e:const-string v7, ""di_没装备可换"" || 0x0062:const/16 v10, 2130 || 0x0066:if-eqz v0, +01ch || 0x006a:sget v0, LscriptPages/game/z;->J1 I || 0x006e:invoke-static v8, v0, LscriptPages/data/d;->f(I I)[J || 0x0074:move-result-object v0 || 0x0076:sput-object v0, LscriptPages/game/z;->N1 [J || 0x007a:array-length v0, v0 || 0x007c:if-gtz v0, +00bh || 0x0080:invoke-static v10, v7, v5, LscriptPages/data/g;->I1(I Ljava/lang/String; [[Ljava/lang/String;)Ljava/lang/String; || 0x0086:move-result-object v0"
z.N1,[J,LscriptPages/game/z;->W0()I,0x3582cc,0x00ba,"v0, LscriptPages/game/z;->N1 [J","0x00a2:invoke-virtual v4, v0, Ljava/lang/String;->equals(Ljava/lang/Object;)Z || 0x00a8:move-result v0 || 0x00aa:if-eqz v0, +01bh || 0x00ae:sget v0, LscriptPages/game/z;->J1 I || 0x00b2:invoke-static v8, v0, LscriptPages/data/d;->f(I I)[J || 0x00b8:move-result-object v0 || 0x00ba:sput-object v0, LscriptPages/game/z;->N1 [J || 0x00be:array-length v0, v0 || 0x00c0:if-gtz v0, +00ah || 0x00c4:invoke-static v10, v7, v5, LscriptPages/data/g;->I1(I Ljava/lang/String; [[Ljava/lang/String;)Ljava/lang/String; || 0x00ca:move-result-object v0"
z.N1,[J,LscriptPages/game/z;->X(IJB)V,0x3662b4,0x0068,"v9, LscriptPages/game/z;->N1 [J","0x0052:move-wide v3, v10 || 0x0054:move v5, v12 || 0x0056:invoke-static/range v3 ... v8, LscriptPages/game/z;->b0(J I J I)V || 0x005c:sget v9, LscriptPages/game/z;->J1 I || 0x0060:invoke-static v0, v9, LscriptPages/data/d;->f(I I)[J || 0x0066:move-result-object v9 || 0x0068:sput-object v9, LscriptPages/game/z;->N1 [J || 0x006c:array-length v9, v9 || 0x006e:if-gtz v9, +00eh || 0x0072:const/16 v9, 2130 || 0x0076:const-string v10, ""di_没装备可换"""
z.N1,[J,LscriptPages/game/z;->b0(JIJI)V,0x3667f4,0x0070,"v1, LscriptPages/game/z;->N1 [J","0x0058:invoke-static LscriptPages/game/z;->e0()V || 0x005e:goto +eh || 0x0060:if-ne v1, v2, +00dh || 0x0064:sget v1, LscriptPages/game/z;->J1 I || 0x0068:invoke-static v2, v1, LscriptPages/data/d;->f(I I)[J || 0x006e:move-result-object v1 || 0x0070:sput-object v1, LscriptPages/game/z;->N1 [J || 0x0074:invoke-static LscriptPages/game/z;->d0()V || 0x007a:return-void "
z.z1,[J,LscriptPages/game/z;->D0(Ljava/lang/String;)V,0x36950c,0x004a,"v12, LscriptPages/game/z;->z1 [J","0x002c:invoke-static v3, v12, Lo/a;->f6(I Ljava/lang/String;)V || 0x0032:invoke-static v12, Lo/a;->V5(Ljava/lang/String;)V || 0x0038:invoke-static v12, Lo/a;->S5(Ljava/lang/String;)V || 0x003e:sget-wide v4, LscriptPages/game/z;->I1 J || 0x0042:invoke-static v4, v5, Lo/a;->z2(J)[J || 0x0048:move-result-object v12 || 0x004a:sput-object v12, LscriptPages/game/z;->z1 [J || 0x004e:sget-boolean v12, LscriptPages/game/k0;->a Z || 0x0052:const/4 v2, 3 || 0x0054:const/4 v4, 1 || 0x0056:if-eqz v12, +039h"
z.z1,[J,LscriptPages/game/z;->F0(Ljava/lang/String;)V,0x36976c,0x0028,"v2, LscriptPages/game/z;->z1 [J","0x0012:goto +5h || 0x0014:const/4 v0, 0 || 0x0016:invoke-static v0, v2, Lo/a;->f6(I Ljava/lang/String;)V || 0x001c:sget-wide v0, LscriptPages/game/z;->I1 J || 0x0020:invoke-static v0, v1, Lo/a;->z2(J)[J || 0x0026:move-result-object v2 || 0x0028:sput-object v2, LscriptPages/game/z;->z1 [J || 0x002c:return-void "
z.z1,[J,LscriptPages/game/z;->H0(Ljava/lang/String;)V,0x3697e8,0x004e,"v8, LscriptPages/game/z;->z1 [J","0x0032:if-ne v3, v0, +005h || 0x0036:invoke-static v4, v8, Lo/a;->f6(I Ljava/lang/String;)V || 0x003c:invoke-static v8, Lo/a;->V5(Ljava/lang/String;)V || 0x0042:sget-wide v5, LscriptPages/game/z;->I1 J || 0x0046:invoke-static v5, v6, Lo/a;->z2(J)[J || 0x004c:move-result-object v8 || 0x004e:sput-object v8, LscriptPages/game/z;->z1 [J || 0x0052:sget-boolean v8, LscriptPages/game/k0;->a Z || 0x0056:if-eqz v8, +06fh || 0x005a:sget v8, LscriptPages/game/k0;->b I || 0x005e:const/4 v3, 2"
z.z1,[J,LscriptPages/game/z;->Y0()I,0x35906c,0x0d9c,"v2, LscriptPages/game/z;->z1 [J","0x0d84:sget v3, LscriptPages/game/z;->M I || 0x0d88:aget-wide v9, v2, v3 || 0x0d8c:sput-wide v9, LscriptPages/game/z;->I1 J || 0x0d90:aget-wide v9, v2, v3 || 0x0d94:invoke-static v9, v10, Lo/a;->z2(J)[J || 0x0d9a:move-result-object v2 || 0x0d9c:sput-object v2, LscriptPages/game/z;->z1 [J || 0x0da0:if-nez v2, +014h || 0x0da4:sget-object v2, LscriptPages/game/z;->n [J || 0x0da8:sget v3, LscriptPages/game/z;->M I || 0x0dac:aget-wide v9, v2, v3"
z.z1,[J,LscriptPages/game/z;->u0(J)Z,0x356cfc,0x0050,"v0, LscriptPages/game/z;->z1 [J","0x003c:return v1 || 0x003e:add-int/lit8 v3, v3, 1 || 0x0042:goto -ch || 0x0044:sget-wide v3, LscriptPages/game/z;->I1 J || 0x0048:invoke-static v3, v4, Lo/a;->z2(J)[J || 0x004e:move-result-object v0 || 0x0050:sput-object v0, LscriptPages/game/z;->z1 [J || 0x0054:if-eqz v0, +015h || 0x0058:array-length v0, v0 || 0x005a:if-lez v0, +012h || 0x005e:const/4 v0, 0"
